movetext,time_control,tc_base,tc_inc,tc_corr,eco_code,eco_url,start_dt,duration,rated,time_class,rules,type,url_numeric_id,utc_date,utc_time,viewer_link,tournament_link,match_link,white.rating,white.result,white.id,white.username,white.uuid,black.rating,black.result,black.id,black.username,black.uuid,my_username,my_uuid,my_result,my_id,my_expected_score,opp_uuid,opp_result,opp_id,opp_expected_score,my_color,opp_color,accuracies.white,accuracies.black,san_moves,clock_times,time_spent
1. e4 {[%clk 0:02:58]} 1... d5 {[%clk 0:02:58.2]} 2. exd5 {[%clk 0:02:50]} 2... Qxd5 {[%clk 0:02:58.1]} 3. Nc3 {[%clk 0:02:49.2]} 3... Qa5 {[%clk 0:02:56.6]} 4. b4 {[%clk 0:02:47.8]} 4... Qe5+ {[%clk 0:02:54.6]} 5. Be2 {[%clk 0:02:34.5]} 5... c6 {[%clk 0:02:49.4]} 6. Nf3 {[%clk 0:02:32]} 6... Qc7 {[%clk 0:02:47.5]} 7. d4 {[%clk 0:02:29.1]} 7... Bf5 {[%clk 0:02:44.9]} 8. O-O {[%clk 0:02:25.2]} 8... e6 {[%clk 0:02:43.7]} 9. a3 {[%clk 0:02:20.2]} 9... Nf6 {[%clk 0:02:42.1]} 10. Re1 {[%clk 0:02:14.2]} 10... Be7 {[%clk 0:02:40.7]} 11. Ne5 {[%clk 0:02:07.7]} 11... Nbd7 {[%clk 0:02:38.5]} 12. Bf4 {[%clk 0:02:04.2]} 12... Bd6 {[%clk 0:02:36.9]} 13. Bf3 {[%clk 0:01:58.5]} 13... O-O {[%clk 0:02:35.5]} 14. Nxd7 {[%clk 0:01:51.8]} 14... Qxd7 {[%clk 0:02:32.4]} 15. Bxd6 {[%clk 0:01:50.7]} 15... Qxd6 {[%clk 0:02:31.3]} 16. Ne4 {[%clk 0:01:49.4]} 16... Bxe4 {[%clk 0:02:28.1]} 17. Bxe4 {[%clk 0:01:49.3]} 17... Nxe4 {[%clk 0:02:27.5]} 18. Rxe4 {[%clk 0:01:47]} 18... Qd5 {[%clk 0:02:26.7]} 19. Re5 {[%clk 0:01:21.5]} 19... Qd6 {[%clk 0:02:23.2]} 20. c3 {[%clk 0:01:19.3]} 20... Rad8 {[%clk 0:02:21.5]} 21. a4 {[%clk 0:01:14.4]} 21... Rd7 {[%clk 0:02:17.6]} 22. Qf3 {[%clk 0:01:10.6]} 22... Rfd8 {[%clk 0:02:14.6]} 23. Rae1 {[%clk 0:01:05.5]} 23... g6 {[%clk 0:02:04.8]} 24. h4 {[%clk 0:01:01.8]} 24... Kg7 {[%clk 0:02:01.5]} 25. h5 {[%clk 0:00:55.2]} 25... f6 {[%clk 0:01:52]} 26. Rxe6 {[%clk 0:00:50.1]} 26... Qd5 {[%clk 0:01:48.7]} 27. Qxf6+ {[%clk 0:00:48.3]} 1-0,180,180,0,,B01,https://www.chess.com/openings/Scandinavian-Defense-Mieses-Kotrc-Main-Line,2025-09-04 21:12:24,217,true,blitz,chess,live,142733007366,2025.09.04,21:12:24,https://www.chess.com/game/live/142733007366,,,2013,win,https://api.chess.com/pub/player/ians141,ians141,b7cb10a6-46b2-11ee-a8b5-e19be8c73f68,1875,resigned,https://api.chess.com/pub/player/cika_rodjeni,Cika_Rodjeni,c31a76d4-8690-11f0-9d69-37fe5abf4fde,ians141,b7cb10a6-46b2-11ee-a8b5-e19be8c73f68,win,https://api.chess.com/pub/player/ians141,0.6888,c31a76d4-8690-11f0-9d69-37fe5abf4fde,resigned,https://api.chess.com/pub/player/cika_rodjeni,0.3112,white,black,,,,,
1. e4 {[%clk 0:02:00.8]} 1... e5 {[%clk 0:01:58.7]} 2. Nf3 {[%clk 0:02:00.9]} 2... d6 {[%clk 0:01:58.2]} 3. d4 {[%clk 0:02:00.9]} 3... exd4 {[%clk 0:01:58.2]} 4. Nxd4 {[%clk 0:02:00.4]} 4... Be7 {[%clk 0:01:58.1]} 5. Bd3 {[%clk 0:01:58.1]} 5... Nf6 {[%clk 0:01:57.9]} 6. c4 {[%clk 0:01:56.7]} 6... O-O {[%clk 0:01:57.7]} 7. Nc3 {[%clk 0:01:55.9]} 7... a6 {[%clk 0:01:57.8]} 8. O-O {[%clk 0:01:56]} 8... c5 {[%clk 0:01:57.2]} 9. Nf5 {[%clk 0:01:50.6]} 9... Bxf5 {[%clk 0:01:56.8]} 10. exf5 {[%clk 0:01:50.3]} 10... Nc6 {[%clk 0:01:56.6]} 11. Re1 {[%clk 0:01:48.3]} 11... Rb8 {[%clk 0:01:56]} 12. Bf4 {[%clk 0:01:45.7]} 12... Qc7 {[%clk 0:01:52.9]} 13. b3 {[%clk 0:01:44.3]} 13... Ne5 {[%clk 0:01:49.7]} 14. Bf1 {[%clk 0:01:40.7]} 14... Rbd8 {[%clk 0:01:48.5]} 15. Be2 {[%clk 0:01:38.1]} 15... Rfe8 {[%clk 0:01:48]} 16. g4 {[%clk 0:01:35.3]} 16... Qc6 {[%clk 0:01:42]} 17. g5 {[%clk 0:01:32.8]} 17... Ne4 {[%clk 0:01:41.3]} 18. Nd5 {[%clk 0:01:31.7]} 18... Bf8 {[%clk 0:01:36.6]} 19. f3 {[%clk 0:01:16.8]} 19... Nxg5 {[%clk 0:01:05.5]} 20. Bxg5 {[%clk 0:01:17.7]} 1-0,120+1,120,1,,C41,https://www.chess.com/openings/Philidor-Defense-Exchange-Variation-4.Nxd4,2025-09-04 21:16:14,164,true,bullet,chess,live,142733113396,2025.09.04,21:16:14,https://www.chess.com/game/live/142733113396,,,1815,win,https://api.chess.com/pub/player/ians141,ians141,b7cb10a6-46b2-11ee-a8b5-e19be8c73f68,1803,abandoned,https://api.chess.com/pub/player/jdepaula,Jdepaula,6018e514-1b6d-11e5-803e-000000000000,ians141,b7cb10a6-46b2-11ee-a8b5-e19be8c73f68,win,https://api.chess.com/pub/player/ians141,0.5173,6018e514-1b6d-11e5-803e-000000000000,abandoned,https://api.chess.com/pub/player/jdepaula,0.4827,white,black,,,,,
1. e4 {[%clk 0:00:59.8]} 1... d5 {[%clk 0:00:59]} 2. Nc3 {[%clk 0:00:59.7]} 2... d4 {[%clk 0:00:58.1]} 3. Nce2 {[%clk 0:00:59]} 3... e5 {[%clk 0:00:57.8]} 4. d3 {[%clk 0:00:58.9]} 4... Nc6 {[%clk 0:00:56.2]} 5. f4 {[%clk 0:00:58.4]} 5... exf4 {[%clk 0:00:54.7]} 6. Bxf4 {[%clk 0:00:58.3]} 6... Bd6 {[%clk 0:00:53.8]} 7. Nf3 {[%clk 0:00:57]} 7... Bxf4 {[%clk 0:00:52.7]} 8. Nxf4 {[%clk 0:00:56.9]} 8... Nf6 {[%clk 0:00:51.7]} 9. Be2 {[%clk 0:00:55.6]} 9... Bg4 {[%clk 0:00:51]} 10. O-O {[%clk 0:00:54.1]} 10... Bxf3 {[%clk 0:00:50.4]} 11. Bxf3 {[%clk 0:00:53.8]} 11... Ne5 {[%clk 0:00:50.3]} 12. Nd5 {[%clk 0:00:51.5]} 12... Nxd5 {[%clk 0:00:48.7]} 13. exd5 {[%clk 0:00:50.7]} 13... Nxf3+ {[%clk 0:00:48.1]} 14. Qxf3 {[%clk 0:00:50.6]} 14... O-O {[%clk 0:00:47.1]} 15. c4 {[%clk 0:00:49.8]} 15... dxc3 {[%clk 0:00:45.8]} 16. bxc3 {[%clk 0:00:49.7]} 16... Qxd5 {[%clk 0:00:44.8]} 17. Qxd5 {[%clk 0:00:48.6]} 1-0,60,60,0,,B01,https://www.chess.com/openings/Scandinavian-Defense-Closed-2...d4-3.Nce2-e5,2025-09-09 04:45:03,36,true,bullet,chess,live,142901259050,2025.09.09,04:45:03,https://www.chess.com/game/live/142901259050,,,1978,win,https://api.chess.com/pub/player/n-pasnchess,N-PasnChess,c17219ba-b978-11ec-b474-cd87c34a06a3,1810,resigned,https://api.chess.com/pub/player/ians141,ians141,b7cb10a6-46b2-11ee-a8b5-e19be8c73f68,ians141,b7cb10a6-46b2-11ee-a8b5-e19be8c73f68,resigned,https://api.chess.com/pub/player/ians141,0.2755,c17219ba-b978-11ec-b474-cd87c34a06a3,win,https://api.chess.com/pub/player/n-pasnchess,0.7245,black,white,,,,,
1. e4 {[%clk 0:02:00.9]} 1... e5 {[%clk 0:02:00.1]} 2. Nf3 {[%clk 0:02:01.3]} 2... Nc6 {[%clk 0:02:00]} 3. Bc4 {[%clk 0:02:01.9]} 3... Be7 {[%clk 0:01:59.7]} 4. d4 {[%clk 0:02:00.5]} 4... d6 {[%clk 0:01:58.6]} 5. dxe5 {[%clk 0:02:00.5]} 5... dxe5 {[%clk 0:01:58.5]} 6. Qxd8+ {[%clk 0:01:59.4]} 6... Bxd8 {[%clk 0:01:58.1]} 7. O-O {[%clk 0:01:59.3]} 7... Nf6 {[%clk 0:01:57.5]} 8. Nc3 {[%clk 0:01:59.3]} 8... O-O {[%clk 0:01:57.6]} 9. Bg5 {[%clk 0:01:59.1]} 9... Bg4 {[%clk 0:01:58]} 10. Bxf6 {[%clk 0:01:58.7]} 10... Bxf6 {[%clk 0:01:56.7]} 11. Nd5 {[%clk 0:01:58.2]} 11... Bd8 {[%clk 0:01:53.6]} 12. Nd2 {[%clk 0:01:55.5]} 12... Nd4 {[%clk 0:01:50.8]} 13. c3 {[%clk 0:01:03]} 13... Ne6 {[%clk 0:01:44.3]} 14. Ne3 {[%clk 0:01:00]} 14... Bh5 {[%clk 0:01:36.3]} 15. Bxe6 {[%clk 0:00:59.8]} 15... fxe6 {[%clk 0:01:36.4]} 16. f3 {[%clk 0:01:00.3]} 16... Be7 {[%clk 0:01:34]} 17. Ndc4 {[%clk 0:00:59.1]} 17... Bc5 {[%clk 0:01:31.9]} 18. Rfe1 {[%clk 0:00:56.2]} 18... Rad8 {[%clk 0:01:18.6]} 19. Nxe5 {[%clk 0:00:54]} 19... Rd2 {[%clk 0:01:15.2]} 20. Nc4 {[%clk 0:00:53.3]} 20... Rd3 {[%clk 0:01:11.3]} 21. Rad1 {[%clk 0:00:53.2]} 21... Rfd8 {[%clk 0:01:10.3]} 22. Rxd3 {[%clk 0:00:49.7]} 22... Rxd3 {[%clk 0:01:10]} 23. Kf2 {[%clk 0:00:50.4]} 23... b5 {[%clk 0:01:08.6]} 24. Ne5 {[%clk 0:00:48.9]} 24... Rd2+ {[%clk 0:00:53.5]} 25. Re2 {[%clk 0:00:48.9]} 25... Rd1 {[%clk 0:00:52.8]} 26. h4 {[%clk 0:00:44.6]} 26... Ra1 {[%clk 0:00:44.7]} 27. a3 {[%clk 0:00:43.9]} 27... Be8 {[%clk 0:00:38.7]} 28. f4 {[%clk 0:00:42.3]} 28... a5 {[%clk 0:00:37.5]} 29. Nd3 {[%clk 0:00:40.1]} 29... Bb6 {[%clk 0:00:35.7]} 30. Kf3 {[%clk 0:00:34.6]} 30... Rg1 {[%clk 0:00:26.7]} 31. g3 {[%clk 0:00:34.9]} 31... Bh5+ {[%clk 0:00:25.5]} 32. g4 {[%clk 0:00:31.8]} 32... Bxe3 {[%clk 0:00:15.5]} 33. gxh5 {[%clk 0:00:31.9]} 33... Bb6 {[%clk 0:00:11.2]} 34. Re1 {[%clk 0:00:31.8]} 34... Rxe1 {[%clk 0:00:05.7]} 35. Nxe1 {[%clk 0:00:32.6]} 35... Kf7 {[%clk 0:00:05.4]} 36. Nd3 {[%clk 0:00:30.2]} 36... h6 {[%clk 0:00:05.8]} 37. e5 {[%clk 0:00:29.2]} 37... Ke7 {[%clk 0:00:05.4]} 38. Ke4 {[%clk 0:00:27.7]} 38... c5 {[%clk 0:00:05.5]} 39. b3 {[%clk 0:00:22.9]} 39... c4 {[%clk 0:00:05.2]} 40. bxc4 {[%clk 0:00:19.8]} 40... bxc4 {[%clk 0:00:05.7]} 41. Nb2 {[%clk 0:00:20.7]} 41... Bf2 {[%clk 0:00:04.6]} 42. Nxc4 {[%clk 0:00:18.1]} 42... Bxh4 {[%clk 0:00:04.3]} 43. Nxa5 {[%clk 0:00:18.4]} 43... Be1 {[%clk 0:00:04.9]} 44. Nc4 {[%clk 0:00:15.3]} 44... Bxc3 {[%clk 0:00:04.3]} 45. a4 {[%clk 0:00:14]} 45... Be1 {[%clk 0:00:01.2]} 46. a5 {[%clk 0:00:14]} 46... Bf2 {[%clk 0:00:01.8]} 47. a6 {[%clk 0:00:13.4]} 1-0,120+1,120,1,,C50,https://www.chess.com/openings/Italian-Game-Hungarian-Defense...5.dxe5-dxe5-6.Qxd8-Bxd8,2025-09-09 04:45:53,340,true,bullet,chess,live,142901275946,2025.09.09,04:45:53,https://www.chess.com/game/live/142901275946,,,1818,win,https://api.chess.com/pub/player/ians141,ians141,b7cb10a6-46b2-11ee-a8b5-e19be8c73f68,1823,timeout,https://api.chess.com/pub/player/ruhaana,Ruhaana,7a6d5ba8-d704-11eb-8d3e-51db250028e1,ians141,b7cb10a6-46b2-11ee-a8b5-e19be8c73f68,win,https://api.chess.com/pub/player/ians141,0.4928,7a6d5ba8-d704-11eb-8d3e-51db250028e1,timeout,https://api.chess.com/pub/player/ruhaana,0.5072,white,black,,,,,
1. c4 {[%clk 0:01:59.1]} 1... e5 {[%clk 0:01:59.7]} 2. Nc3 {[%clk 0:01:59.3]} 2... Nf6 {[%clk 0:01:59.1]} 3. d3 {[%clk 0:01:59.6]} 3... c6 {[%clk 0:01:58.5]} 4. e4 {[%clk 0:01:59.2]} 4... d5 {[%clk 0:01:58]} 5. cxd5 {[%clk 0:01:58.9]} 5... cxd5 {[%clk 0:01:57.5]} 6. Bg5 {[%clk 0:01:59.6]} 6... d4 {[%clk 0:01:54.7]} 7. Nce2 {[%clk 0:01:58.2]} 7... Qb6 {[%clk 0:01:49.4]} 8. Rb1 {[%clk 0:01:55.4]} 8... Nc6 {[%clk 0:01:46.1]} 9. g3 {[%clk 0:01:52.5]} 9... Bb4+ {[%clk 0:01:44]} 10. Bd2 {[%clk 0:01:51.6]} 10... O-O {[%clk 0:01:38.1]} 11. Bg2 {[%clk 0:01:51]} 11... Be6 {[%clk 0:01:31.7]} 12. a3 {[%clk 0:01:47.3]} 12... Bb3 {[%clk 0:01:16.1]} 13. Qc1 {[%clk 0:01:35.3]} 13... Rac8 {[%clk 0:01:15.6]} 14. Bxb4 {[%clk 0:01:35.2]} 14... Nxb4 {[%clk 0:01:13.6]} 15. Qd2 {[%clk 0:01:35]} 15... Nc2+ {[%clk 0:00:58.3]} 16. Kf1 {[%clk 0:01:34]} 16... Ng4 {[%clk 0:00:57.2]} 17. Nf3 {[%clk 0:01:28.9]} 17... Nge3+ {[%clk 0:00:44.9]} 18. fxe3 {[%clk 0:01:27.7]} 18... Nxe3+ {[%clk 0:00:45.8]} 19. Kf2 {[%clk 0:01:27.7]} 19... Rc2 {[%clk 0:00:41.9]} 20. Qe1 {[%clk 0:01:24.3]} 20... Rfc8 {[%clk 0:00:36.9]} 21. Nxe5 {[%clk 0:01:22.7]} 21... Rxe2+ {[%clk 0:00:32.6]} 22. Qxe2 {[%clk 0:01:22.1]} 22... Rc2 {[%clk 0:00:32.9]} 23. Rhc1 {[%clk 0:01:15.9]} 23... Rxe2+ {[%clk 0:00:26.5]} 24. Kxe2 {[%clk 0:01:15.6]} 24... g6 {[%clk 0:00:27.4]} 25. Bh3 {[%clk 0:01:04.7]} 25... Kg7 {[%clk 0:00:19.8]} 26. Ng4 {[%clk 0:01:02.1]} 26... Nxg4 {[%clk 0:00:15.9]} 27. Bxg4 {[%clk 0:01:02.1]} 27... h5 {[%clk 0:00:16.8]} 28. Bf3 {[%clk 0:01:01.8]} 28... Ba2 {[%clk 0:00:16.9]} 29. Ra1 {[%clk 0:00:56.2]} 29... Qxb2+ {[%clk 0:00:16.6]} 30. Ke1 {[%clk 0:00:55.8]} 30... Be6 {[%clk 0:00:15.8]} 31. Be2 {[%clk 0:00:51.9]} 31... Qb6 {[%clk 0:00:14.5]} 32. Rab1 {[%clk 0:00:50.2]} 32... Qa5+ {[%clk 0:00:14.1]} 33. Kf2 {[%clk 0:00:49.9]} 33... Qxa3 {[%clk 0:00:14]} 34. Rc7 {[%clk 0:00:47.3]} 34... Qa6 {[%clk 0:00:11.9]} 35. Rbxb7 {[%clk 0:00:45]} 35... Qa2 {[%clk 0:00:09.3]} 36. Rxa7 {[%clk 0:00:44.6]} 36... Qd2 {[%clk 0:00:08.7]} 37. Kf1 {[%clk 0:00:42.9]} 37... Qe3 {[%clk 0:00:07.8]} 38. Ra6 {[%clk 0:00:37.1]} 38... Bh3+ {[%clk 0:00:07.3]} 39. Ke1 {[%clk 0:00:34.4]} 39... Qg1+ {[%clk 0:00:07.6]} 40. Kd2 {[%clk 0:00:34]} 40... Qxh2 {[%clk 0:00:07.7]} 41. Raa7 {[%clk 0:00:32.9]} 41... Be6 {[%clk 0:00:07.4]} 42. Re7 {[%clk 0:00:32.7]} 42... Qxg3 {[%clk 0:00:06.4]} 43. Rxe6 {[%clk 0:00:31.2]} 43... Qe3+ {[%clk 0:00:06.7]} 44. Kd1 {[%clk 0:00:30.9]} 44... Qg1+ {[%clk 0:00:06.2]} 45. Kc2 {[%clk 0:00:28.4]} 45... Qe3 {[%clk 0:00:05]} 46. Bd1 {[%clk 0:00:28.1]} 46... Qf2+ {[%clk 0:00:02.4]} 47. Kc1 {[%clk 0:00:27.6]} 47... Qe3+ {[%clk 0:00:02.4]} 48. Kb2 {[%clk 0:00:26.6]} 48... Qxd3 {[%clk 0:00:02.5]} 49. Bc2 {[%clk 0:00:26.5]} 49... Qc3+ {[%clk 0:00:02.7]} 50. Kb1 {[%clk 0:00:26.6]} 50... Qb4+ {[%clk 0:00:02.8]} 51. Kc1 {[%clk 0:00:26.7]} 51... Qe1+ {[%clk 0:00:02.8]} 52. Kb2 {[%clk 0:00:25.7]} 52... Qc3+ {[%clk 0:00:02.8]} 53. Kc1 {[%clk 0:00:24.3]} 53... d3 {[%clk 0:00:03.1]} 54. Ra2 {[%clk 0:00:19.9]} 54... dxc2 {[%clk 0:00:03.1]} 55. Rxc2 {[%clk 0:00:19.8]} 55... Qe3+ {[%clk 0:00:04]} 56. Kb2 {[%clk 0:00:19.8]} 56... Qxe4 {[%clk 0:00:04.3]} 57. Re5 {[%clk 0:00:19.7]} 57... Qxe5+ {[%clk 0:00:04.1]} 58. Ka2 {[%clk 0:00:19.7]} 58... Qd5+ {[%clk 0:00:02.7]} 59. Kb2 {[%clk 0:00:18.6]} 59... Qe5+ {[%clk 0:00:02.6]} 60. Ka2 {[%clk 0:00:18]} 60... h4 {[%clk 0:00:03.5]} 61. Rd2 {[%clk 0:00:17.3]} 61... h3 {[%clk 0:00:03.3]} 62. Kb3 {[%clk 0:00:15.3]} 62... h2 {[%clk 0:00:03]} 63. Rd1 {[%clk 0:00:15.9]} 63... Qe3+ {[%clk 0:00:02.6]} 64. Kb2 {[%clk 0:00:15.2]} 64... Qf2+ {[%clk 0:00:01.9]} 65. Ka3 {[%clk 0:00:14.3]} 65... Qg1 {[%clk 0:00:02.1]} 66. Rd8 {[%clk 0:00:13.3]} 66... h1=Q {[%clk 0:00:02.1]} 67. Rg8+ {[%clk 0:00:10.5]} 67... Kxg8 {[%clk 0:00:02]} 0-1,120+1,120,1,,A22,https://www.chess.com/openings/English-Opening-Two-Knights-Variation-3.d3,2025-09-10 16:39:56,393,true,bullet,chess,live,142962361100,2025.09.10,16:39:56,https://www.chess.com/game/live/142962361100,,,1859,resigned,https://api.chess.com/pub/player/professore1968,professore1968,af560f08-3db1-11e3-8048-000000000000,1827,win,https://api.chess.com/pub/player/ians141,ians141,b7cb10a6-46b2-11ee-a8b5-e19be8c73f68,ians141,b7cb10a6-46b2-11ee-a8b5-e19be8c73f68,win,https://api.chess.com/pub/player/ians141,0.4541,af560f08-3db1-11e3-8048-000000000000,resigned,https://api.chess.com/pub/player/professore1968,0.5459,black,white,,,,,
1. e4 {[%clk 0:00:59.9]} 1... g6 {[%clk 0:00:59.7]} 2. d4 {[%clk 0:00:58.9]} 2... Bg7 {[%clk 0:00:59.6]} 3. h4 {[%clk 0:00:58.8]} 3... c5 {[%clk 0:00:58.9]} 4. h5 {[%clk 0:00:58.7]} 4... cxd4 {[%clk 0:00:57.7]} 5. h6 {[%clk 0:00:57.5]} 5... Bf6 {[%clk 0:00:56.6]} 6. Nf3 {[%clk 0:00:55.8]} 6... e5 {[%clk 0:00:54.8]} 7. Bc4 {[%clk 0:00:54]} 7... Nc6 {[%clk 0:00:54.1]} 8. O-O {[%clk 0:00:50.5]} 8... Nge7 {[%clk 0:00:49.8]} 9. Bg5 {[%clk 0:00:46.6]} 9... Bxg5 {[%clk 0:00:47.7]} 10. Nxg5 {[%clk 0:00:46.5]} 10... d5 {[%clk 0:00:46]} 11. exd5 {[%clk 0:00:43.4]} 11... Nxd5 {[%clk 0:00:45.4]} 12. Bxd5 {[%clk 0:00:38.9]} 12... Qxd5 {[%clk 0:00:45.2]} 13. c3 {[%clk 0:00:34.7]} 13... e4 {[%clk 0:00:43.3]} 14. cxd4 {[%clk 0:00:33.7]} 14... Qxg5 {[%clk 0:00:42.1]} 15. Nc3 {[%clk 0:00:32.9]} 15... O-O {[%clk 0:00:39.4]} 16. Nxe4 {[%clk 0:00:31.8]} 16... Qd5 {[%clk 0:00:37.8]} 17. Re1 {[%clk 0:00:29.8]} 17... Qxd4 {[%clk 0:00:36.3]} 18. Qxd4 {[%clk 0:00:28.4]} 18... Nxd4 {[%clk 0:00:36.2]} 19. Nf6+ {[%clk 0:00:28.2]} 19... Kh8 {[%clk 0:00:34.7]} 20. Rad1 {[%clk 0:00:26.8]} 20... Nc2 {[%clk 0:00:29.1]} 21. Re7 {[%clk 0:00:25.4]} 21... Nb4 {[%clk 0:00:27.4]} 22. Rc1 {[%clk 0:00:23.6]} 22... Nxa2 {[%clk 0:00:24.8]} 23. Rcc7 {[%clk 0:00:22.6]} 23... Be6 {[%clk 0:00:23]} 24. g3 {[%clk 0:00:18.7]} 24... Nb4 {[%clk 0:00:21.9]} 25. f4 {[%clk 0:00:17.2]} 25... b6 {[%clk 0:00:18.8]} 26. Rxe6 {[%clk 0:00:16.5]} 26... fxe6 {[%clk 0:00:17.7]} 27. Rxh7# {[%clk 0:00:16.1]} 1-0,60,60,0,,B06,https://www.chess.com/openings/Modern-Defense-with-1-e4-2.d4-Bg7,2025-09-12 18:01:18,97,true,bullet,chess,live,143044027480,2025.09.12,18:01:18,https://www.chess.com/game/live/143044027480,,,1836,win,https://api.chess.com/pub/player/ians141,ians141,b7cb10a6-46b2-11ee-a8b5-e19be8c73f68,1843,checkmated,https://api.chess.com/pub/player/talaatgomaa,TalaatGomaa,178b7130-4fca-11f0-8fa1-7f0aa2e7a537,ians141,b7cb10a6-46b2-11ee-a8b5-e19be8c73f68,win,https://api.chess.com/pub/player/ians141,0.4899,178b7130-4fca-11f0-8fa1-7f0aa2e7a537,checkmated,https://api.chess.com/pub/player/talaatgomaa,0.5101,white,black,,,,,
1. e4 {[%clk 0:00:57.5]} 1... d5 {[%clk 0:00:59.3]} 2. Nc3 {[%clk 0:00:57.3]} 2... d4 {[%clk 0:00:58.5]} 3. Nce2 {[%clk 0:00:56.8]} 3... e5 {[%clk 0:00:58.2]} 4. d3 {[%clk 0:00:56.7]} 4... c5 {[%clk 0:00:57.6]} 5. h3 {[%clk 0:00:56.6]} 5... Nc6 {[%clk 0:00:56.2]} 6. g3 {[%clk 0:00:56.5]} 6... Nf6 {[%clk 0:00:54.6]} 7. Bg2 {[%clk 0:00:56.4]} 7... Be6 {[%clk 0:00:53.3]} 8. f4 {[%clk 0:00:56.2]} 8... exf4 {[%clk 0:00:52.3]} 9. gxf4 {[%clk 0:00:56.1]} 9... Nd7 {[%clk 0:00:51]} 10. Nf3 {[%clk 0:00:56]} 10... Nb6 {[%clk 0:00:48.7]} 11. O-O {[%clk 0:00:55.3]} 11... Bc8 {[%clk 0:00:48]} 12. a4 {[%clk 0:00:53.9]} 12... Be7 {[%clk 0:00:47.9]} 13. a5 {[%clk 0:00:53.4]} 13... Nd7 {[%clk 0:00:47.4]} 14. c3 {[%clk 0:00:52.7]} 14... a6 {[%clk 0:00:46.9]} 15. cxd4 {[%clk 0:00:52.1]} 15... Nxd4 {[%clk 0:00:46.6]} 16. Nexd4 {[%clk 0:00:49.6]} 16... cxd4 {[%clk 0:00:46.5]} 17. Kh1 {[%clk 0:00:49]} 17... O-O {[%clk 0:00:45.7]} 18. Nxd4 {[%clk 0:00:48.3]} 18... Nf6 {[%clk 0:00:45]} 19. Nf3 {[%clk 0:00:46.8]} 19... Bd7 {[%clk 0:00:42.8]} 20. e5 {[%clk 0:00:44.9]} 20... Nd5 {[%clk 0:00:41]} 21. Qb3 {[%clk 0:00:42.4]} 21... Bc6 {[%clk 0:00:38.5]} 22. Nd4 {[%clk 0:00:41.8]} 22... Nc7 {[%clk 0:00:34.2]} 23. Nxc6 {[%clk 0:00:41]} 23... bxc6 {[%clk 0:00:34.1]} 24. Bxc6 {[%clk 0:00:39.8]} 24... Rb8 {[%clk 0:00:33.2]} 25. Qc4 {[%clk 0:00:38.6]} 25... Ne6 {[%clk 0:00:31.7]} 26. Qxa6 {[%clk 0:00:32.5]} 26... Qxd3 {[%clk 0:00:27.5]} 27. Qxd3 {[%clk 0:00:30.7]} 1-0,60,60,0,,B01,https://www.chess.com/openings/Scandinavian-Defense-Closed-2...d4-3.Nce2-e5,2025-09-16 04:31:42,74,true,bullet,chess,live,143174760062,2025.09.16,04:31:42,https://www.chess.com/game/live/143174760062,,,1917,win,https://api.chess.com/pub/player/aca0271,aca0271,aec4b150-6adb-11de-805a-000000000000,1830,resigned,https://api.chess.com/pub/player/ians141,ians141,b7cb10a6-46b2-11ee-a8b5-e19be8c73f68,ians141,b7cb10a6-46b2-11ee-a8b5-e19be8c73f68,resigned,https://api.chess.com/pub/player/ians141,0.3773,aec4b150-6adb-11de-805a-000000000000,win,https://api.chess.com/pub/player/aca0271,0.6227,black,white,,,,,
1. e4 {[%clk 0:00:59.9]} 1... e6 {[%clk 0:00:59.9]} 2. d4 {[%clk 0:00:58.6]} 2... b6 {[%clk 0:00:59.1]} 3. c3 {[%clk 0:00:57.5]} 3... Bb7 {[%clk 0:00:59]} 4. Ne2 {[%clk 0:00:55.6]} 4... h6 {[%clk 0:00:58.9]} 5. Nd2 {[%clk 0:00:54.9]} 5... g5 {[%clk 0:00:58.8]} 6. h3 {[%clk 0:00:54]} 6... Qf6 {[%clk 0:00:57.7]} 7. Ng3 {[%clk 0:00:53.2]} 7... Qg7 {[%clk 0:00:57.6]} 8. e5 {[%clk 0:00:51.8]} 8... h5 {[%clk 0:00:56.1]} 9. f3 {[%clk 0:00:50.5]} 9... h4 {[%clk 0:00:56]} 10. Ne2 {[%clk 0:00:49.1]} 10... g4 {[%clk 0:00:54.8]} 11. Ng1 {[%clk 0:00:48.4]} 11... gxh3 {[%clk 0:00:53.7]} 12. gxh3 {[%clk 0:00:47.5]} 12... Qg3+ {[%clk 0:00:52.9]} 13. Ke2 {[%clk 0:00:46.3]} 13... Ba6+ {[%clk 0:00:51.4]} 14. Ke3 {[%clk 0:00:44.3]} 14... Bh6+ {[%clk 0:00:50.2]} 0-1,60,60,0,,C00,https://www.chess.com/openings/French-Defense-Normal-Variation-2...b6,2025-09-16 04:35:15,35,true,bullet,chess,live,143174831546,2025.09.16,04:35:15,https://www.chess.com/game/live/143174831546,,,1824,resigned,https://api.chess.com/pub/player/ians141,ians141,b7cb10a6-46b2-11ee-a8b5-e19be8c73f68,1908,win,https://api.chess.com/pub/player/checkingout33,CheckingOut33,c5457ab2-cade-11ef-a434-a115b9899070,ians141,b7cb10a6-46b2-11ee-a8b5-e19be8c73f68,resigned,https://api.chess.com/pub/player/ians141,0.3814,c5457ab2-cade-11ef-a434-a115b9899070,win,https://api.chess.com/pub/player/checkingout33,0.6186,white,black,,,,,
1. e4 {[%clk 0:02:00.6]} 1... d5 {[%clk 0:01:59.9]} 2. Nc3 {[%clk 0:02:00]} 2... d4 {[%clk 0:01:59.7]} 3. Nce2 {[%clk 0:01:59.5]} 3... e5 {[%clk 0:01:58.9]} 4. Nf3 {[%clk 0:01:59.4]} 4... Nc6 {[%clk 0:01:55.9]} 5. c3 {[%clk 0:01:59.8]} 5... d3 {[%clk 0:01:54.3]} 6. Ng3 {[%clk 0:01:59.7]} 6... f5 {[%clk 0:01:54.3]} 7. exf5 {[%clk 0:01:54]} 7... e4 {[%clk 0:01:50.5]} 8. Nxe4 {[%clk 0:01:50.3]} 8... Bxf5 {[%clk 0:01:50.4]} 9. Qa4 {[%clk 0:01:47.5]} 9... Qe7 {[%clk 0:01:38.8]} 10. Bxd3 {[%clk 0:01:46.3]} 10... b5 {[%clk 0:01:38.6]} 11. Qa3 {[%clk 0:01:41.7]} 11... b4 {[%clk 0:01:30]} 12. Qa4 {[%clk 0:01:39.2]} 12... Bxe4 {[%clk 0:01:24.7]} 13. O-O {[%clk 0:01:39.1]} 13... Bxf3 {[%clk 0:01:21.1]} 14. Re1 {[%clk 0:01:36.1]} 14... Qxe1+ {[%clk 0:01:16.4]} 0-1,120+1,120,1,,B01,https://www.chess.com/openings/Scandinavian-Defense-Closed-2...d4-3.Nce2-e5,2025-09-18 00:09:11,104,true,bullet,chess,live,143249560028,2025.09.18,00:09:11,https://www.chess.com/game/live/143249560028,,,1758,resigned,https://api.chess.com/pub/player/almoreanaze,aLMoReanaze,ac999f04-0337-11e9-801e-000000000000,1831,win,https://api.chess.com/pub/player/ians141,ians141,b7cb10a6-46b2-11ee-a8b5-e19be8c73f68,ians141,b7cb10a6-46b2-11ee-a8b5-e19be8c73f68,win,https://api.chess.com/pub/player/ians141,0.6035,ac999f04-0337-11e9-801e-000000000000,resigned,https://api.chess.com/pub/player/almoreanaze,0.3965,black,white,,,,,
1. d4 {[%clk 0:02:00]} 1... b6 {[%clk 0:01:58.4]} 2. Nf3 {[%clk 0:02:00.1]} 2... Bb7 {[%clk 0:01:57.9]} 3. Bg5 {[%clk 0:01:59]} 3... h6 {[%clk 0:01:54.5]} 4. Bh4 {[%clk 0:01:57.7]} 4... g5 {[%clk 0:01:54.6]} 5. Bg3 {[%clk 0:01:57.8]} 5... e6 {[%clk 0:01:54.8]} 6. Nbd2 {[%clk 0:01:57.5]} 6... Bg7 {[%clk 0:01:51.2]} 7. e4 {[%clk 0:01:57.4]} 7... d6 {[%clk 0:01:49.7]} 8. c3 {[%clk 0:01:56.9]} 8... Nd7 {[%clk 0:01:49.9]} 9. Bd3 {[%clk 0:01:54.1]} 9... Ne7 {[%clk 0:01:50.2]} 10. O-O {[%clk 0:01:54.1]} 10... g4 {[%clk 0:01:49.9]} 11. Nh4 {[%clk 0:01:53.2]} 11... h5 {[%clk 0:01:48.2]} 12. f3 {[%clk 0:01:47.9]} 12... Rg8 {[%clk 0:01:41.3]} 13. fxg4 {[%clk 0:01:47.4]} 13... hxg4 {[%clk 0:01:39.1]} 14. Qxg4 {[%clk 0:01:46.4]} 14... Bxd4+ {[%clk 0:01:36.7]} 0-1,120+1,120,1,,A04,https://www.chess.com/openings/Reti-Opening-Queenside-Fianchetto-Variation-2.d4-Bb7,2025-09-18 00:10:59,82,true,bullet,chess,live,143249593056,2025.09.18,00:10:59,https://www.chess.com/game/live/143249593056,,,1809,resigned,https://api.chess.com/pub/player/sweetpineappleking,SweetPineAppleKing,54d0d59c-4c07-11f0-82e4-d9d5b5ec23bf,1839,win,https://api.chess.com/pub/player/ians141,ians141,b7cb10a6-46b2-11ee-a8b5-e19be8c73f68,ians141,b7cb10a6-46b2-11ee-a8b5-e19be8c73f68,win,https://api.chess.com/pub/player/ians141,0.5431,54d0d59c-4c07-11f0-82e4-d9d5b5ec23bf,resigned,https://api.chess.com/pub/player/sweetpineappleking,0.4569,black,white,,,,,
1. e4 {[%clk 0:01:57.2]} 1... c5 {[%clk 0:01:59.2]} 2. c3 {[%clk 0:01:56.9]} 2... e6 {[%clk 0:01:58.7]} 3. d4 {[%clk 0:01:56.6]} 3... d5 {[%clk 0:01:59.6]} 4. exd5 {[%clk 0:01:56.3]} 4... exd5 {[%clk 0:01:59.5]} 5. Nf3 {[%clk 0:01:52.4]} 5... Nf6 {[%clk 0:02:00]} 6. h3 {[%clk 0:01:51.4]} 6... c4 {[%clk 0:01:57.3]} 7. b3 {[%clk 0:01:50.1]} 7... b5 {[%clk 0:01:56.5]} 8. a4 {[%clk 0:01:46.3]} 8... bxa4 {[%clk 0:01:53.1]} 9. bxc4 {[%clk 0:01:43.8]} 9... dxc4 {[%clk 0:01:52.2]} 10. Bxc4 {[%clk 0:01:42.7]} 10... Qc7 {[%clk 0:01:50]} 11. Ne5 {[%clk 0:01:40.7]} 11... Be6 {[%clk 0:01:40]} 12. Bxe6 {[%clk 0:01:40.4]} 12... fxe6 {[%clk 0:01:39.5]} 13. Qf3 {[%clk 0:01:40.9]} 13... Bd6 {[%clk 0:01:37.3]} 14. Qxa8 {[%clk 0:01:34.1]} 14... Bxe5 {[%clk 0:01:36.7]} 15. dxe5 {[%clk 0:01:34.3]} 15... Qxe5+ {[%clk 0:01:37.2]} 16. Be3 {[%clk 0:01:33.5]} 16... O-O {[%clk 0:01:36.3]} 17. O-O {[%clk 0:01:32.9]} 17... Nd5 {[%clk 0:01:30.1]} 18. Qxa7 {[%clk 0:01:30.2]} 18... Nc6 {[%clk 0:01:27.5]} 19. Qc5 {[%clk 0:01:26.5]} 19... Rc8 {[%clk 0:01:24.8]} 20. Re1 {[%clk 0:01:21.8]} 20... Nce7 {[%clk 0:01:23.3]} 21. Qd4 {[%clk 0:01:20.7]} 21... Qf5 {[%clk 0:01:14.9]} 22. Nd2 {[%clk 0:01:19.2]} 22... Nxc3 {[%clk 0:01:11.3]} 23. Nf3 {[%clk 0:01:16.6]} 23... Ncd5 {[%clk 0:01:09.6]} 24. Qxa4 {[%clk 0:01:13.9]} 24... Rc3 {[%clk 0:00:56.4]} 25. Qe8+ {[%clk 0:01:03.7]} 25... Qf8 {[%clk 0:00:53.2]} 26. Qxf8+ {[%clk 0:01:04.6]} 26... Kxf8 {[%clk 0:00:53]} 27. Ra8+ {[%clk 0:01:05.4]} 27... Kf7 {[%clk 0:00:52.8]} 28. Ne5+ {[%clk 0:01:01.9]} 28... Kf6 {[%clk 0:00:49.7]} 29. Bd4 {[%clk 0:01:02.2]} 29... Rc2 {[%clk 0:00:39.8]} 30. Nc6+ {[%clk 0:00:59.9]} 30... Kg6 {[%clk 0:00:36.2]} 31. Nxe7+ {[%clk 0:00:59.7]} 31... Nxe7 {[%clk 0:00:35.6]} 32. Rxe6+ {[%clk 0:01:00]} 32... Kf7 {[%clk 0:00:36.2]} 33. Re1 {[%clk 0:00:55.1]} 33... Nf5 {[%clk 0:00:35.3]} 34. Ra7+ {[%clk 0:00:54.8]} 34... Kg6 {[%clk 0:00:34.3]} 35. g4 {[%clk 0:00:53.8]} 35... Nxd4 {[%clk 0:00:33.7]} 36. Ree7 {[%clk 0:00:52.8]} 36... Nf3+ {[%clk 0:00:28.3]} 37. Kg2 {[%clk 0:00:52.8]} 37... Nh4+ {[%clk 0:00:14.6]} 38. Kg3 {[%clk 0:00:43.9]} 38... Kg5 {[%clk 0:00:12.8]} 39. Rxg7+ {[%clk 0:00:42.4]} 39... Ng6 {[%clk 0:00:13.4]} 40. h4+ {[%clk 0:00:41.5]} 40... Kh6 {[%clk 0:00:13.5]} 41. Rxh7# {[%clk 0:00:41.5]} 1-0,120+1,120,1,,B22,https://www.chess.com/openings/Alapin-Sicilian-Defense...4.exd5-exd5-5.d4-Nf6,2025-09-18 00:13:11,282,true,bullet,chess,live,143249634072,2025.09.18,00:13:11,https://www.chess.com/game/live/143249634072,,,1846,win,https://api.chess.com/pub/player/ians141,ians141,b7cb10a6-46b2-11ee-a8b5-e19be8c73f68,1802,checkmated,https://api.chess.com/pub/player/sweetpineappleking,SweetPineAppleKing,54d0d59c-4c07-11f0-82e4-d9d5b5ec23bf,ians141,b7cb10a6-46b2-11ee-a8b5-e19be8c73f68,win,https://api.chess.com/pub/player/ians141,0.5630,54d0d59c-4c07-11f0-82e4-d9d5b5ec23bf,checkmated,https://api.chess.com/pub/player/sweetpineappleking,0.4370,white,black,,,,,
1. d4 {[%clk 0:01:58.8]} 1... b6 {[%clk 0:01:59.6]} 2. Nf3 {[%clk 0:01:55.7]} 2... Bb7 {[%clk 0:02:00.5]} 3. Nc3 {[%clk 0:01:54.6]} 3... e6 {[%clk 0:02:00.2]} 4. e4 {[%clk 0:01:55]} 4... Bb4 {[%clk 0:01:59.1]} 5. Bg5 {[%clk 0:01:55.5]} 5... Bxc3+ {[%clk 0:01:48.6]} 6. bxc3 {[%clk 0:01:54]} 6... f6 {[%clk 0:01:48.7]} 7. Bh4 {[%clk 0:01:48.4]} 7... Bxe4 {[%clk 0:01:46]} 8. Bd3 {[%clk 0:01:47.5]} 8... Bxd3 {[%clk 0:01:41]} 9. Qxd3 {[%clk 0:01:46]} 9... Ne7 {[%clk 0:01:41.6]} 10. O-O {[%clk 0:01:44.4]} 10... Nbc6 {[%clk 0:01:39.5]} 11. c4 {[%clk 0:01:43.6]} 11... Nf5 {[%clk 0:01:36.6]} 12. d5 {[%clk 0:01:39.6]} 12... Nxh4 {[%clk 0:01:31.5]} 13. Nxh4 {[%clk 0:01:38.6]} 13... Ne5 {[%clk 0:01:31.4]} 14. Qe2 {[%clk 0:01:36.1]} 14... O-O {[%clk 0:01:31]} 15. f4 {[%clk 0:01:32.3]} 15... Nf7 {[%clk 0:01:27.6]} 16. dxe6 {[%clk 0:01:31]} 16... dxe6 {[%clk 0:01:25.9]} 17. Qxe6 {[%clk 0:01:31.6]} 17... Qd4+ {[%clk 0:01:24.7]} 18. Kh1 {[%clk 0:01:29.9]} 18... Rfe8 {[%clk 0:01:24.9]} 19. Qc6 {[%clk 0:01:26.7]} 19... Qd6 {[%clk 0:01:21.5]} 20. Qf3 {[%clk 0:01:24]} 20... Rad8 {[%clk 0:01:16.5]} 21. Nf5 {[%clk 0:01:20]} 21... Qc5 {[%clk 0:01:14.3]} 22. Qg4 {[%clk 0:01:16.5]} 22... g6 {[%clk 0:01:12.1]} 23. Nh4 {[%clk 0:01:07.2]} 23... f5 {[%clk 0:01:03.7]} 24. Qg3 {[%clk 0:01:02.5]} 24... Qxc4 {[%clk 0:01:03.2]} 25. Nxg6 {[%clk 0:01:00.1]} 25... hxg6 {[%clk 0:01:00.1]} 26. Qxg6+ {[%clk 0:01:00.7]} 26... Kf8 {[%clk 0:01:00.1]} 27. Rae1 {[%clk 0:00:58.9]} 27... Rxe1 {[%clk 0:00:52.3]} 28. Rxe1 {[%clk 0:00:58.1]} 28... Qxc2 {[%clk 0:00:52.6]} 29. Qf6 {[%clk 0:00:47.8]} 29... Rd1 {[%clk 0:00:49.8]} 30. Qe7+ {[%clk 0:00:28.2]} 30... Kg8 {[%clk 0:00:49.6]} 31. h3 {[%clk 0:00:21.1]} 31... Rxe1+ {[%clk 0:00:39.5]} 32. Qxe1 {[%clk 0:00:22]} 32... Qxa2 {[%clk 0:00:40]} 33. Qe8+ {[%clk 0:00:21.2]} 33... Kg7 {[%clk 0:00:39]} 34. Qd7 {[%clk 0:00:19]} 34... Qc2 {[%clk 0:00:35.9]} 35. Kh2 {[%clk 0:00:16.6]} 35... Qc5 {[%clk 0:00:30.6]} 36. h4 {[%clk 0:00:14.6]} 36... a5 {[%clk 0:00:28.9]} 37. h5 {[%clk 0:00:15.1]} 37... Qd6 {[%clk 0:00:21.2]} 38. h6+ {[%clk 0:00:14.2]} 38... Kxh6 {[%clk 0:00:19.3]} 39. Qxf7 {[%clk 0:00:13]} 39... Qxf4+ {[%clk 0:00:14.2]} 40. Kh1 {[%clk 0:00:13.4]} 40... Qh4+ {[%clk 0:00:09.9]} 41. Kg1 {[%clk 0:00:12.9]} 41... Qe1+ {[%clk 0:00:08.1]} 42. Kh2 {[%clk 0:00:11.9]} 42... Qe5+ {[%clk 0:00:08.1]} 43. Kg1 {[%clk 0:00:12.3]} 43... a4 {[%clk 0:00:06.6]} 44. Qf8+ {[%clk 0:00:09.7]} 44... Kg6 {[%clk 0:00:06.3]} 45. Qg8+ {[%clk 0:00:10.1]} 45... Kf6 {[%clk 0:00:06]} 46. Qf8+ {[%clk 0:00:08.6]} 46... Ke6 {[%clk 0:00:06.1]} 47. Qe8+ {[%clk 0:00:08.9]} 47... Kd5 {[%clk 0:00:06.5]} 48. Qd8+ {[%clk 0:00:09]} 48... Ke4 {[%clk 0:00:06.6]} 49. Qd2 {[%clk 0:00:08.3]} 49... Qd4+ {[%clk 0:00:05.5]} 50. Qxd4+ {[%clk 0:00:07.4]} 50... Kxd4 {[%clk 0:00:06.4]} 51. Kf2 {[%clk 0:00:07.6]} 51... b5 {[%clk 0:00:06.5]} 52. Kf3 {[%clk 0:00:07.8]} 52... a3 {[%clk 0:00:06.9]} 53. Kf4 {[%clk 0:00:08.7]} 53... a2 {[%clk 0:00:07.4]} 54. Kxf5 {[%clk 0:00:09.3]} 54... a1=Q {[%clk 0:00:08.3]} 55. g4 {[%clk 0:00:08.8]} 55... Qb2 {[%clk 0:00:08.8]} 56. g5 {[%clk 0:00:08.7]} 56... Qg2 {[%clk 0:00:09.4]} 57. g6 {[%clk 0:00:08.7]} 57... b4 {[%clk 0:00:10.3]} 58. g7 {[%clk 0:00:08.2]} 58... b3 {[%clk 0:00:11.2]} 59. g8=Q {[%clk 0:00:06.6]} 59... Qxg8 {[%clk 0:00:12.1]} 0-1,120+1,120,1,,B00,https://www.chess.com/openings/Owens-Defense...3.Nc3-e6-4.Nf3-Bb4,2025-09-18 00:18:27,364,true,bullet,chess,live,143249731960,2025.09.18,00:18:27,https://www.chess.com/game/live/143249731960,,,1795,resigned,https://api.chess.com/pub/player/sweetpineappleking,SweetPineAppleKing,54d0d59c-4c07-11f0-82e4-d9d5b5ec23bf,1853,win,https://api.chess.com/pub/player/ians141,ians141,b7cb10a6-46b2-11ee-a8b5-e19be8c73f68,ians141,b7cb10a6-46b2-11ee-a8b5-e19be8c73f68,win,https://api.chess.com/pub/player/ians141,0.5827,54d0d59c-4c07-11f0-82e4-d9d5b5ec23bf,resigned,https://api.chess.com/pub/player/sweetpineappleking,0.4173,black,white,,,,,
1. e4 {[%clk 0:02:00.9]} 1... c5 {[%clk 0:01:59.7]} 2. c3 {[%clk 0:02:00.7]} 2... Nf6 {[%clk 0:01:59.2]} 3. e5 {[%clk 0:01:59.5]} 3... Nd5 {[%clk 0:01:59.1]} 4. d4 {[%clk 0:01:57.5]} 4... cxd4 {[%clk 0:01:59.1]} 5. cxd4 {[%clk 0:01:57.2]} 5... Nc6 {[%clk 0:01:59.2]} 6. Nf3 {[%clk 0:01:51.7]} 6... g6 {[%clk 0:01:58.9]} 7. Bc4 {[%clk 0:01:49.2]} 7... Nb6 {[%clk 0:01:58.2]} 8. Bb3 {[%clk 0:01:48.1]} 8... Bg7 {[%clk 0:01:56.9]} 9. O-O {[%clk 0:01:46.7]} 9... O-O {[%clk 0:01:56.5]} 10. Nc3 {[%clk 0:01:45.4]} 10... d5 {[%clk 0:01:54.9]} 11. h3 {[%clk 0:01:41.1]} 11... Bf5 {[%clk 0:01:44.5]} 12. Re1 {[%clk 0:01:39.6]} 12... h5 {[%clk 0:01:36.8]} 13. Nh4 {[%clk 0:01:39.8]} 13... Bc8 {[%clk 0:01:26.8]} 14. Qf3 {[%clk 0:01:21.6]} 14... e6 {[%clk 0:01:24.3]} 15. Qg3 {[%clk 0:01:09.3]} 15... Nxd4 {[%clk 0:01:18.7]} 16. Bg5 {[%clk 0:01:08.8]} 16... Qe8 {[%clk 0:00:59.9]} 17. Rad1 {[%clk 0:01:07.8]} 17... Nxb3 {[%clk 0:00:59.4]} 18. axb3 {[%clk 0:01:05.6]} 18... a6 {[%clk 0:00:54.4]} 19. Ne2 {[%clk 0:00:54.7]} 19... Nd7 {[%clk 0:00:52.5]} 20. Nf3 {[%clk 0:00:51.4]} 20... Nc5 {[%clk 0:00:50]} 21. Nf4 {[%clk 0:00:49.4]} 21... Ne4 {[%clk 0:00:49.6]} 22. Rxe4 {[%clk 0:00:38.6]} 22... dxe4 {[%clk 0:00:49.1]} 23. Nxh5 {[%clk 0:00:38.1]} 23... f5 {[%clk 0:00:34.9]} 24. exf6 {[%clk 0:00:34]} 24... gxh5 {[%clk 0:00:34.4]} 25. Bh6 {[%clk 0:00:34]} 25... Rf7 {[%clk 0:00:30.5]} 26. Bxg7 {[%clk 0:00:33.4]} 26... exf3 {[%clk 0:00:27.7]} 27. Rd4 {[%clk 0:00:18.2]} 27... e5 {[%clk 0:00:25]} 28. Rh4 {[%clk 0:00:17.8]} 28... Qd7 {[%clk 0:00:16.4]} 29. Rxh5 {[%clk 0:00:14.9]} 29... Rxg7 {[%clk 0:00:16.3]} 30. fxg7 {[%clk 0:00:14.9]} 30... Qxg7 {[%clk 0:00:11.4]} 31. Rg5 {[%clk 0:00:15.3]} 31... Qxg5 {[%clk 0:00:11.5]} 32. Qxg5+ {[%clk 0:00:15.2]} 32... Kf8 {[%clk 0:00:11.8]} 33. Qxe5 {[%clk 0:00:14.4]} 33... fxg2 {[%clk 0:00:10.9]} 34. h4 {[%clk 0:00:12.3]} 34... b5 {[%clk 0:00:08.6]} 35. h5 {[%clk 0:00:12.2]} 35... Bb7 {[%clk 0:00:05.8]} 36. h6 {[%clk 0:00:11]} 1-0,120+1,120,1,,B22,https://www.chess.com/openings/Alapin-Sicilian-Defense...8.cxd4-Bg7-9.O-O-O-O,2025-09-18 00:24:57,315,true,bullet,chess,live,143249851678,2025.09.18,00:24:57,https://www.chess.com/game/live/143249851678,,,1863,win,https://api.chess.com/pub/player/ians141,ians141,b7cb10a6-46b2-11ee-a8b5-e19be8c73f68,1923,timeout,https://api.chess.com/pub/player/santiago2803,Santiago2803,4f4fd7a4-4db6-11ee-a685-e16054130376,ians141,b7cb10a6-46b2-11ee-a8b5-e19be8c73f68,win,https://api.chess.com/pub/player/ians141,0.4145,4f4fd7a4-4db6-11ee-a685-e16054130376,timeout,https://api.chess.com/pub/player/santiago2803,0.5855,white,black,,,,,
1. e4 {[%clk 0:00:59.9]} 1... d5 {[%clk 0:00:59.4]} 2. exd5 {[%clk 0:00:58.9]} 2... Nf6 {[%clk 0:00:59.3]} 3. d4 {[%clk 0:00:57.8]} 3... Nxd5 {[%clk 0:00:59.2]} 4. c4 {[%clk 0:00:56.9]} 4... Nc6 {[%clk 0:00:58.8]} 5. cxd5 {[%clk 0:00:54.8]} 5... Qxd5 {[%clk 0:00:58.7]} 6. Nf3 {[%clk 0:00:54.2]} 6... Qh5 {[%clk 0:00:58.3]} 7. Be2 {[%clk 0:00:52.6]} 7... Bg4 {[%clk 0:00:57.8]} 8. d5 {[%clk 0:00:51.3]} 8... Nb4 {[%clk 0:00:55.7]} 9. Qa4+ {[%clk 0:00:48.4]} 9... Nc6 {[%clk 0:00:53]} 10. dxc6 {[%clk 0:00:47.4]} 10... Bd7 {[%clk 0:00:49.9]} 11. cxd7+ {[%clk 0:00:46.2]} 11... Kd8 {[%clk 0:00:49.5]} 12. Nd4 {[%clk 0:00:43.8]} 12... Qa5+ {[%clk 0:00:49.4]} 13. Qxa5 {[%clk 0:00:42.8]} 13... b6 {[%clk 0:00:48.1]} 14. Qa6 {[%clk 0:00:41.5]} 14... Rb8 {[%clk 0:00:47.9]} 15. Nc6+ {[%clk 0:00:39.9]} 15... Kxd7 {[%clk 0:00:46.5]} 16. Nxb8+ {[%clk 0:00:39.1]} 16... Kd8 {[%clk 0:00:45.1]} 17. Qb5 {[%clk 0:00:38]} 17... c6 {[%clk 0:00:42.6]} 18. Qxc6 {[%clk 0:00:36.7]} 1-0,60,60,0,,B01,https://www.chess.com/openings/Scandinavian-Defense-Modern-Marshall-Variation-4.c4,2025-09-18 00:30:29,48,true,bullet,chess,live,143249953972,2025.09.18,00:30:29,https://www.chess.com/game/live/143249953972,,,1871,win,https://api.chess.com/pub/player/ians141,ians141,b7cb10a6-46b2-11ee-a8b5-e19be8c73f68,1874,resigned,https://api.chess.com/pub/player/hamedkho01,HamedKho01,f6c6e686-64f1-11f0-b49e-212fce025faa,ians141,b7cb10a6-46b2-11ee-a8b5-e19be8c73f68,win,https://api.chess.com/pub/player/ians141,0.4957,f6c6e686-64f1-11f0-b49e-212fce025faa,resigned,https://api.chess.com/pub/player/hamedkho01,0.5043,white,black,,,,,
1. e4 {[%clk 0:00:59.9]} 1... d5 {[%clk 0:00:58.9]} 2. Nc3 {[%clk 0:00:59.8]} 2... d4 {[%clk 0:00:58.1]} 3. Nce2 {[%clk 0:00:58.5]} 3... e5 {[%clk 0:00:57.8]} 4. d3 {[%clk 0:00:58.2]} 4... c5 {[%clk 0:00:57]} 5. f4 {[%clk 0:00:57.9]} 5... f6 {[%clk 0:00:56]} 6. fxe5 {[%clk 0:00:57]} 6... fxe5 {[%clk 0:00:55.4]} 7. Nf3 {[%clk 0:00:56.9]} 7... Nc6 {[%clk 0:00:54.3]} 8. g3 {[%clk 0:00:56.4]} 8... Nf6 {[%clk 0:00:53.5]} 9. Bg2 {[%clk 0:00:56]} 9... Bg4 {[%clk 0:00:52.8]} 10. O-O {[%clk 0:00:55.6]} 10... Bd6 {[%clk 0:00:51.8]} 11. Bg5 {[%clk 0:00:54]} 11... O-O {[%clk 0:00:50.9]} 12. Nh4 {[%clk 0:00:52.4]} 12... Qc7 {[%clk 0:00:48.5]} 13. Qd2 {[%clk 0:00:50.7]} 13... Rae8 {[%clk 0:00:43]} 14. Rf2 {[%clk 0:00:49.6]} 14... Rf7 {[%clk 0:00:41.6]} 15. Raf1 {[%clk 0:00:48.1]} 15... Bxe2 {[%clk 0:00:39.4]} 16. Qxe2 {[%clk 0:00:46.9]} 16... Ref8 {[%clk 0:00:39.3]} 17. Nf5 {[%clk 0:00:45.9]} 17... h6 {[%clk 0:00:37.3]} 18. Bxh6 {[%clk 0:00:44.4]} 18... gxh6 {[%clk 0:00:37.2]} 19. Nxh6+ {[%clk 0:00:44.1]} 19... Kg7 {[%clk 0:00:35.8]} 20. Nxf7 {[%clk 0:00:43.1]} 20... Rxf7 {[%clk 0:00:35.7]} 21. Qe3 {[%clk 0:00:36.8]} 21... Ne7 {[%clk 0:00:34.8]} 22. Qg5+ {[%clk 0:00:35.8]} 22... Ng6 {[%clk 0:00:34.3]} 23. Rxf6 {[%clk 0:00:34.7]} 23... Rxf6 {[%clk 0:00:33.2]} 24. Rxf6 {[%clk 0:00:33.6]} 24... Be7 {[%clk 0:00:31.7]} 25. Qxg6+ {[%clk 0:00:32.7]} 25... Kh8 {[%clk 0:00:29.5]} 26. Rf7 {[%clk 0:00:29.4]} 1-0,60,60,0,,B01,https://www.chess.com/openings/Scandinavian-Defense-Closed-2...d4-3.Nce2-e5,2025-09-18 00:31:19,72,true,bullet,chess,live,143249969026,2025.09.18,00:31:19,https://www.chess.com/game/live/143249969026,,,1882,win,https://api.chess.com/pub/player/hamedkho01,HamedKho01,f6c6e686-64f1-11f0-b49e-212fce025faa,1863,resigned,https://api.chess.com/pub/player/ians141,ians141,b7cb10a6-46b2-11ee-a8b5-e19be8c73f68,ians141,b7cb10a6-46b2-11ee-a8b5-e19be8c73f68,resigned,https://api.chess.com/pub/player/ians141,0.4727,f6c6e686-64f1-11f0-b49e-212fce025faa,win,https://api.chess.com/pub/player/hamedkho01,0.5273,black,white,,,,,
1. e4 {[%clk 0:00:59.9]} 1... c5 {[%clk 0:00:58.4]} 2. c3 {[%clk 0:00:58.8]} 2... Nc6 {[%clk 0:00:58.1]} 3. d4 {[%clk 0:00:58.2]} 3... cxd4 {[%clk 0:00:58]} 4. cxd4 {[%clk 0:00:58.1]} 4... e6 {[%clk 0:00:57.8]} 5. d5 {[%clk 0:00:56.5]} 5... exd5 {[%clk 0:00:56.9]} 6. exd5 {[%clk 0:00:56.4]} 6... Nce7 {[%clk 0:00:56.3]} 7. d6 {[%clk 0:00:54.5]} 7... Nf5 {[%clk 0:00:55.8]} 8. Bf4 {[%clk 0:00:52.2]} 8... Qf6 {[%clk 0:00:52.7]} 9. Nf3 {[%clk 0:00:49.7]} 9... Bxd6 {[%clk 0:00:51.7]} 10. Bxd6 {[%clk 0:00:48.6]} 10... Nxd6 {[%clk 0:00:51.6]} 11. Be2 {[%clk 0:00:46]} 11... Ne7 {[%clk 0:00:50.5]} 12. O-O {[%clk 0:00:45.2]} 12... O-O {[%clk 0:00:50.1]} 13. Nc3 {[%clk 0:00:44.4]} 13... Ndf5 {[%clk 0:00:49.4]} 14. h3 {[%clk 0:00:41.1]} 14... b6 {[%clk 0:00:48.8]} 15. Ne4 {[%clk 0:00:39.6]} 15... Qg6 {[%clk 0:00:47.5]} 16. Nh2 {[%clk 0:00:35.1]} 16... Bb7 {[%clk 0:00:46.4]} 17. Ng3 {[%clk 0:00:34.3]} 17... Nh4 {[%clk 0:00:44.2]} 18. Nf3 {[%clk 0:00:32.2]} 18... Nef5 {[%clk 0:00:41.6]} 19. Nxh4 {[%clk 0:00:31.1]} 19... Nxh4 {[%clk 0:00:41]} 20. Rc1 {[%clk 0:00:28.4]} 20... Bxg2 {[%clk 0:00:39.6]} 21. Re1 {[%clk 0:00:26.3]} 21... Bxh3 {[%clk 0:00:39]} 22. Kh2 {[%clk 0:00:23.1]} 22... Be6 {[%clk 0:00:37.5]} 23. Bd3 {[%clk 0:00:20.5]} 23... f5 {[%clk 0:00:36.1]} 24. Qc2 {[%clk 0:00:18.1]} 24... Qg5 {[%clk 0:00:31.7]} 25. Rg1 {[%clk 0:00:15.1]} 25... f4 {[%clk 0:00:30.9]} 26. Nh1 {[%clk 0:00:13.8]} 26... Nf3# {[%clk 0:00:29.8]} 0-1,60,60,0,,B22,https://www.chess.com/openings/Alapin-Sicilian-Defense-2...Nc6-3.d4-cxd4-4.cxd4,2025-09-18 00:32:33,83,true,bullet,chess,live,143249991364,2025.09.18,00:32:33,https://www.chess.com/game/live/143249991364,,,1854,checkmated,https://api.chess.com/pub/player/ians141,ians141,b7cb10a6-46b2-11ee-a8b5-e19be8c73f68,1828,win,https://api.chess.com/pub/player/gerblecko,GerBlecko,5cef43a2-a13f-11eb-a2df-599b392b3ffc,ians141,b7cb10a6-46b2-11ee-a8b5-e19be8c73f68,checkmated,https://api.chess.com/pub/player/ians141,0.5373,5cef43a2-a13f-11eb-a2df-599b392b3ffc,win,https://api.chess.com/pub/player/gerblecko,0.4627,white,black,,,,,
1. e4 {[%clk 0:02:00.9]} 1... e5 {[%clk 0:01:58.8]} 2. Nf3 {[%clk 0:02:01.2]} 2... Nc6 {[%clk 0:01:57.9]} 3. Bc4 {[%clk 0:02:01.4]} 3... Bc5 {[%clk 0:01:58.2]} 4. c3 {[%clk 0:02:00.7]} 4... Nf6 {[%clk 0:01:57.9]} 5. d4 {[%clk 0:01:59.7]} 5... exd4 {[%clk 0:01:58.8]} 6. e5 {[%clk 0:02:00.6]} 6... d5 {[%clk 0:01:56.9]} 7. Bb5 {[%clk 0:01:59.9]} 7... Ne4 {[%clk 0:01:56.3]} 8. cxd4 {[%clk 0:01:55.2]} 8... Bb4+ {[%clk 0:01:56.9]} 9. Bd2 {[%clk 0:01:49.6]} 9... Nxd2 {[%clk 0:01:56.8]} 10. Nbxd2 {[%clk 0:01:48.2]} 10... Bg4 {[%clk 0:01:57.2]} 11. O-O {[%clk 0:01:39.1]} 11... Bxd2 {[%clk 0:01:55.7]} 12. Qxd2 {[%clk 0:01:37.4]} 12... Bxf3 {[%clk 0:01:54]} 13. gxf3 {[%clk 0:01:38.3]} 13... O-O {[%clk 0:01:52.2]} 14. Bxc6 {[%clk 0:01:36.2]} 14... bxc6 {[%clk 0:01:51.9]} 15. f4 {[%clk 0:01:36.1]} 15... Qd7 {[%clk 0:01:49.4]} 16. Kh1 {[%clk 0:01:32.9]} 16... Rab8 {[%clk 0:01:49.2]} 17. Rg1 {[%clk 0:01:32.4]} 17... Qf5 {[%clk 0:01:46.4]} 18. Rg3 {[%clk 0:01:29.9]} 18... Rb5 {[%clk 0:01:37]} 19. Rag1 {[%clk 0:01:29]} 19... g6 {[%clk 0:01:37.9]} 20. f3 {[%clk 0:01:20.5]} 20... Rfb8 {[%clk 0:01:37.4]} 21. b3 {[%clk 0:01:19]} 21... Qh5 {[%clk 0:01:25]} 22. Qd3 {[%clk 0:01:10.5]} 22... Rb4 {[%clk 0:01:23.3]} 23. Rg5 {[%clk 0:01:08.7]} 23... Qh4 {[%clk 0:01:23.7]} 24. R5g4 {[%clk 0:01:00.2]} 24... Qf2 {[%clk 0:01:22.5]} 25. f5 {[%clk 0:01:01.1]} 25... Qxa2 {[%clk 0:01:16.4]} 26. fxg6 {[%clk 0:00:56.2]} 26... hxg6 {[%clk 0:01:16.1]} 27. Rxg6+ {[%clk 0:00:53.3]} 27... fxg6 {[%clk 0:01:16.5]} 28. Qxg6+ {[%clk 0:00:53]} 28... Kf8 {[%clk 0:01:16.9]} 29. Qg8+ {[%clk 0:00:38.3]} 29... Ke7 {[%clk 0:01:16.5]} 30. Rg7# {[%clk 0:00:39.2]} 1-0,120+1,120,1,,C54,https://www.chess.com/openings/Giuoco-Piano-Game-Center-Attack-Anderssen-Variation-9.Bd2-Nxd2,2025-09-18 00:35:24,189,true,bullet,chess,live,143250043448,2025.09.18,00:35:24,https://www.chess.com/game/live/143250043448,,,1859,win,https://api.chess.com/pub/player/ians141,ians141,b7cb10a6-46b2-11ee-a8b5-e19be8c73f68,1729,checkmated,https://api.chess.com/pub/player/alexver37,Alexver37,bd58d8f4-582c-11eb-b6eb-63e38f5e04d2,ians141,b7cb10a6-46b2-11ee-a8b5-e19be8c73f68,win,https://api.chess.com/pub/player/ians141,0.6788,bd58d8f4-582c-11eb-b6eb-63e38f5e04d2,checkmated,https://api.chess.com/pub/player/alexver37,0.3212,white,black,,,,,
1. e4 {[%clk 0:02:00.9]} 1... d5 {[%clk 0:02:00]} 2. f4 {[%clk 0:02:01.8]} 2... dxe4 {[%clk 0:01:59.8]} 3. Bc4 {[%clk 0:02:02.3]} 3... Nc6 {[%clk 0:01:59.5]} 4. Ne2 {[%clk 0:02:02]} 4... Nf6 {[%clk 0:01:59.3]} 5. O-O {[%clk 0:02:01.3]} 5... e6 {[%clk 0:01:56.5]} 6. Ng3 {[%clk 0:01:59.5]} 6... Bc5+ {[%clk 0:01:56.6]} 7. Kh1 {[%clk 0:01:59.2]} 7... e3 {[%clk 0:01:52.1]} 8. d3 {[%clk 0:01:54.8]} 8... O-O {[%clk 0:01:48.9]} 9. Qe2 {[%clk 0:01:54.7]} 9... Nd4 {[%clk 0:01:43.9]} 10. Qd1 {[%clk 0:01:50.5]} 10... e5 {[%clk 0:01:21.2]} 11. Bxe3 {[%clk 0:01:47.8]} 11... Ng4 {[%clk 0:01:15.8]} 12. Bg1 {[%clk 0:01:42.7]} 12... Qh4 {[%clk 0:00:55.1]} 13. Ne4 {[%clk 0:01:06.5]} 13... Nf3 {[%clk 0:00:38]} 14. h3 {[%clk 0:01:02.1]} 14... Bxg1 {[%clk 0:00:35]} 15. Qxf3 {[%clk 0:01:00.3]} 15... Nh2 {[%clk 0:00:19.4]} 16. Qe2 {[%clk 0:00:56.7]} 16... Bxh3 {[%clk 0:00:10.3]} 17. Kxg1 {[%clk 0:00:54.8]} 17... Nxf1 {[%clk 0:00:06.8]} 18. Qxf1 {[%clk 0:00:52.3]} 18... Bf5 {[%clk 0:00:03.6]} 19. Nbd2 {[%clk 0:00:48.9]} 19... Bxe4 {[%clk 0:00:02.8]} 20. Nxe4 {[%clk 0:00:48.8]} 20... exf4 {[%clk 0:00:02.5]} 21. Qf3 {[%clk 0:00:45.8]} 21... Rfe8 {[%clk 0:00:01.3]} 22. Rf1 {[%clk 0:00:44.1]} 1-0,120+1,120,1,,B01,https://www.chess.com/openings/Scandinavian-Defense,2025-09-18 00:38:38,243,true,bullet,chess,live,143250102706,2025.09.18,00:38:38,https://www.chess.com/game/live/143250102706,,,1740,win,https://api.chess.com/pub/player/alexver37,Alexver37,bd58d8f4-582c-11eb-b6eb-63e38f5e04d2,1848,timeout,https://api.chess.com/pub/player/ians141,ians141,b7cb10a6-46b2-11ee-a8b5-e19be8c73f68,ians141,b7cb10a6-46b2-11ee-a8b5-e19be8c73f68,timeout,https://api.chess.com/pub/player/ians141,0.6506,bd58d8f4-582c-11eb-b6eb-63e38f5e04d2,win,https://api.chess.com/pub/player/alexver37,0.3494,black,white,,,,,
1. e4 {[%clk 0:01:59.5]} 1... c6 {[%clk 0:01:59.4]} 2. d4 {[%clk 0:01:58.7]} 2... d5 {[%clk 0:01:59.7]} 3. Nd2 {[%clk 0:01:58.5]} 3... dxe4 {[%clk 0:01:59.4]} 4. Nxe4 {[%clk 0:01:59.3]} 4... Nf6 {[%clk 0:01:59.5]} 5. Ng5 {[%clk 0:01:58.5]} 5... Bf5 {[%clk 0:01:55.2]} 6. Bc4 {[%clk 0:01:53.7]} 6... e6 {[%clk 0:01:53.5]} 7. Ne2 {[%clk 0:01:50.4]} 7... h6 {[%clk 0:01:51.8]} 8. Nf3 {[%clk 0:01:49]} 8... Nbd7 {[%clk 0:01:50.2]} 9. O-O {[%clk 0:01:47.2]} 9... Bd6 {[%clk 0:01:49]} 10. Ng3 {[%clk 0:01:46.3]} 10... Bg6 {[%clk 0:01:48.3]} 11. Re1 {[%clk 0:01:43.6]} 11... O-O {[%clk 0:01:46.8]} 12. Ne5 {[%clk 0:01:41.5]} 12... Bh7 {[%clk 0:01:38.1]} 13. Bd3 {[%clk 0:01:40.4]} 13... Bxd3 {[%clk 0:01:36.5]} 14. Qxd3 {[%clk 0:01:41.1]} 14... Qc7 {[%clk 0:01:35.1]} 15. Nxd7 {[%clk 0:01:34.1]} 15... Qxd7 {[%clk 0:01:32.3]} 16. c3 {[%clk 0:01:34.2]} 16... Rfd8 {[%clk 0:01:31.4]} 17. Be3 {[%clk 0:01:22.8]} 17... Rac8 {[%clk 0:01:29.1]} 18. Ne4 {[%clk 0:01:23]} 18... Be7 {[%clk 0:01:24.4]} 19. Nxf6+ {[%clk 0:01:19.1]} 19... Bxf6 {[%clk 0:01:14.2]} 20. Rad1 {[%clk 0:01:19.4]} 20... c5 {[%clk 0:01:12]} 21. Qe2 {[%clk 0:01:17.6]} 21... cxd4 {[%clk 0:01:06.5]} 22. Bxd4 {[%clk 0:01:18.5]} 22... Bxd4 {[%clk 0:01:05.5]} 23. Rxd4 {[%clk 0:01:19.3]} 23... Qc7 {[%clk 0:00:55.3]} 24. Red1 {[%clk 0:01:18.9]} 24... Rxd4 {[%clk 0:00:52.7]} 25. Rxd4 {[%clk 0:01:19.6]} 25... Rd8 {[%clk 0:00:52.8]} 26. Qd2 {[%clk 0:01:17.5]} 26... Rxd4 {[%clk 0:00:49.8]} 27. Qxd4 {[%clk 0:01:18.3]} 27... Qa5 {[%clk 0:00:41.1]} 28. a4 {[%clk 0:01:18.1]} 28... b5 {[%clk 0:00:36.3]} 29. b3 {[%clk 0:01:15.4]} 29... bxa4 {[%clk 0:00:34.7]} 30. bxa4 {[%clk 0:01:15.6]} 30... Qb6 {[%clk 0:00:30.7]} 31. Qxb6 {[%clk 0:01:05.2]} 31... axb6 {[%clk 0:00:31.6]} 32. c4 {[%clk 0:01:06]} 32... Kf8 {[%clk 0:00:31.3]} 33. c5 {[%clk 0:01:06.4]} 1-0,120+1,120,1,,B15,https://www.chess.com/openings/Caro-Kann-Defense-Main-Line-4...Nf6,2025-09-18 23:36:13,240,true,bullet,chess,live,143288590456,2025.09.18,23:36:13,https://www.chess.com/game/live/143288590456,,,1852,win,https://api.chess.com/pub/player/ians141,ians141,b7cb10a6-46b2-11ee-a8b5-e19be8c73f68,1652,resigned,https://api.chess.com/pub/player/hjalteh,hjalteh,434740e8-6145-11e0-8060-000000000000,ians141,b7cb10a6-46b2-11ee-a8b5-e19be8c73f68,win,https://api.chess.com/pub/player/ians141,0.7597,434740e8-6145-11e0-8060-000000000000,resigned,https://api.chess.com/pub/player/hjalteh,0.2403,white,black,,,,,
1. e4 {[%clk 0:02:00.9]} 1... e5 {[%clk 0:01:59.2]} 2. Nf3 {[%clk 0:02:00.9]} 2... Nc6 {[%clk 0:01:59.3]} 3. Bc4 {[%clk 0:02:01.3]} 3... Be7 {[%clk 0:01:59.1]} 4. d4 {[%clk 0:01:59.9]} 4... exd4 {[%clk 0:01:59]} 5. Nxd4 {[%clk 0:01:59.3]} 5... d6 {[%clk 0:01:58.6]} 6. O-O {[%clk 0:01:51.1]} 6... Nxd4 {[%clk 0:01:55.4]} 7. Qxd4 {[%clk 0:01:50.9]} 7... Nf6 {[%clk 0:01:55.8]} 8. Nc3 {[%clk 0:01:49.7]} 8... O-O {[%clk 0:01:54.7]} 9. f4 {[%clk 0:01:44.9]} 9... Be6 {[%clk 0:01:50.6]} 10. Be2 {[%clk 0:01:42.4]} 10... c5 {[%clk 0:01:50]} 11. Qd3 {[%clk 0:01:40.3]} 11... a6 {[%clk 0:01:47.2]} 12. Qg3 {[%clk 0:01:38.2]} 12... b5 {[%clk 0:01:41.9]} 13. f5 {[%clk 0:01:37.9]} 13... Bd7 {[%clk 0:01:40.6]} 14. Bh6 {[%clk 0:01:35.7]} 14... g6 {[%clk 0:01:33.2]} 15. fxg6 {[%clk 0:01:35.6]} 15... fxg6 {[%clk 0:01:32.7]} 16. h4 {[%clk 0:01:36.1]} 16... Be8 {[%clk 0:01:18.8]} 17. e5 {[%clk 0:01:24.8]} 1-0,120+1,120,1,,C50,https://www.chess.com/openings/Italian-Game-Hungarian-Defense-4.d4-exd4-5.Nxd4-d6,2025-09-18 23:40:17,146,true,bullet,chess,live,143288668906,2025.09.18,23:40:17,https://www.chess.com/game/live/143288668906,,,1860,win,https://api.chess.com/pub/player/ians141,ians141,b7cb10a6-46b2-11ee-a8b5-e19be8c73f68,1841,abandoned,https://api.chess.com/pub/player/terriman83,TeRRIman83,e5f91600-8d73-11ee-87f4-5d2cb5cdfc98,ians141,b7cb10a6-46b2-11ee-a8b5-e19be8c73f68,win,https://api.chess.com/pub/player/ians141,0.5273,e5f91600-8d73-11ee-87f4-5d2cb5cdfc98,abandoned,https://api.chess.com/pub/player/terriman83,0.4727,white,black,,,,,
1. e4 {[%clk 0:01:59.5]} 1... e5 {[%clk 0:01:57.1]} 2. Nf3 {[%clk 0:01:59.5]} 2... Nf6 {[%clk 0:01:57.6]} 3. d4 {[%clk 0:01:58.5]} 3... Nxe4 {[%clk 0:01:57.4]} 4. Nxe5 {[%clk 0:01:57.9]} 4... d5 {[%clk 0:01:57.7]} 5. Bd3 {[%clk 0:01:56.8]} 5... Bb4+ {[%clk 0:01:58.4]} 6. c3 {[%clk 0:01:54.4]} 6... Bd6 {[%clk 0:01:59]} 7. O-O {[%clk 0:01:35.9]} 7... O-O {[%clk 0:01:59.4]} 8. Nd2 {[%clk 0:01:34.5]} 8... Nxd2 {[%clk 0:01:59.1]} 9. Bxd2 {[%clk 0:01:33]} 9... Qh4 {[%clk 0:01:58.6]} 10. g3 {[%clk 0:01:29.8]} 10... Qh3 {[%clk 0:01:56.8]} 11. Re1 {[%clk 0:01:27.5]} 11... Nd7 {[%clk 0:01:54.9]} 12. Bf1 {[%clk 0:01:27.5]} 12... Qf5 {[%clk 0:01:47.1]} 13. Bf4 {[%clk 0:01:23.9]} 13... Nxe5 {[%clk 0:01:39.9]} 14. dxe5 {[%clk 0:01:09.9]} 14... Bc5 {[%clk 0:01:38]} 15. Qxd5 {[%clk 0:01:06.1]} 15... Bb6 {[%clk 0:01:37.2]} 16. Bd3 {[%clk 0:01:05.9]} 16... Qh5 {[%clk 0:01:36]} 17. e6 {[%clk 0:00:50.8]} 17... Qxd5 {[%clk 0:01:32.9]} 0-1,120+1,120,1,,C43,https://www.chess.com/openings/Petrovs-Defense-Steinitz-Attack-Symmetrical-Center-Variation-4...d5-5.Nxe5,2025-09-18 23:43:03,138,true,bullet,chess,live,143288721992,2025.09.18,23:43:03,https://www.chess.com/game/live/143288721992,,,1854,resigned,https://api.chess.com/pub/player/ians141,ians141,b7cb10a6-46b2-11ee-a8b5-e19be8c73f68,1969,win,https://api.chess.com/pub/player/wilkodamus,Wilkodamus,fe3e3c28-a5cc-11ea-a261-65d49f33f0cd,ians141,b7cb10a6-46b2-11ee-a8b5-e19be8c73f68,resigned,https://api.chess.com/pub/player/ians141,0.3403,fe3e3c28-a5cc-11ea-a261-65d49f33f0cd,win,https://api.chess.com/pub/player/wilkodamus,0.6597,white,black,87.29,93.03,,,
1. d4 {[%clk 0:01:55.4]} 1... g6 {[%clk 0:01:59.3]} 2. e4 {[%clk 0:01:55.1]} 2... Bg7 {[%clk 0:02:00.2]} 3. Nf3 {[%clk 0:01:53.8]} 3... b6 {[%clk 0:01:58.5]} 4. Bd3 {[%clk 0:01:52.2]} 4... Bb7 {[%clk 0:01:58.5]} 5. h4 {[%clk 0:01:49.8]} 5... e6 {[%clk 0:01:57.9]} 6. e5 {[%clk 0:01:48.9]} 6... Nc6 {[%clk 0:01:55.1]} 7. O-O {[%clk 0:01:47.7]} 7... Nge7 {[%clk 0:01:48.5]} 8. c3 {[%clk 0:01:47.3]} 8... d6 {[%clk 0:01:42.1]} 9. Bg5 {[%clk 0:01:41.7]} 9... dxe5 {[%clk 0:01:36.5]} 10. dxe5 {[%clk 0:01:41.1]} 10... Nxe5 {[%clk 0:01:36.5]} 11. Nxe5 {[%clk 0:01:40.7]} 11... Bxe5 {[%clk 0:01:37.4]} 12. Qa4+ {[%clk 0:01:38.7]} 12... Bc6 {[%clk 0:01:32.1]} 13. Qxc6+ {[%clk 0:01:34.5]} 13... Nxc6 {[%clk 0:01:32.6]} 14. Bxd8 {[%clk 0:01:34.5]} 14... Nxd8 {[%clk 0:01:32.8]} 15. f4 {[%clk 0:01:29.9]} 15... Bg7 {[%clk 0:01:28.8]} 16. Bb5+ {[%clk 0:01:29.3]} 16... c6 {[%clk 0:01:28.3]} 17. Ba4 {[%clk 0:01:27.8]} 17... b5 {[%clk 0:01:23.4]} 18. Bb3 {[%clk 0:01:26.6]} 18... a5 {[%clk 0:01:21.8]} 19. a4 {[%clk 0:01:25.6]} 19... Nb7 {[%clk 0:01:21.6]} 20. axb5 {[%clk 0:01:25.2]} 20... Nc5 {[%clk 0:01:20.3]} 21. Bc4 {[%clk 0:01:24.3]} 21... cxb5 {[%clk 0:01:16.8]} 22. Bxb5+ {[%clk 0:01:24.4]} 22... Ke7 {[%clk 0:01:17.7]} 23. g4 {[%clk 0:01:23.7]} 23... Rhb8 {[%clk 0:01:11]} 24. Bc6 {[%clk 0:01:22.7]} 24... Ra6 {[%clk 0:01:07]} 25. Bf3 {[%clk 0:01:17.9]} 25... Rxb2 {[%clk 0:01:06.6]} 26. g5 {[%clk 0:01:17.5]} 26... a4 {[%clk 0:01:03.3]} 27. h5 {[%clk 0:01:16]} 27... a3 {[%clk 0:00:57.3]} 28. h6 {[%clk 0:01:12.4]} 28... Be5 {[%clk 0:00:47.4]} 29. fxe5 {[%clk 0:01:09.9]} 29... a2 {[%clk 0:00:47.5]} 30. c4 {[%clk 0:00:51.8]} 30... axb1=Q {[%clk 0:00:33.2]} 31. Raxb1 {[%clk 0:00:50.6]} 31... Rxb1 {[%clk 0:00:34.1]} 32. Rxb1 {[%clk 0:00:49.9]} 32... Ra3 {[%clk 0:00:34.2]} 33. Rb5 {[%clk 0:00:49]} 33... Rxf3 {[%clk 0:00:28.3]} 34. Rxc5 {[%clk 0:00:49]} 34... Rg3+ {[%clk 0:00:27.8]} 35. Kf2 {[%clk 0:00:48.4]} 35... Rxg5 {[%clk 0:00:28.7]} 36. Rc7+ {[%clk 0:00:47.6]} 36... Kd8 {[%clk 0:00:27.3]} 37. Rxf7 {[%clk 0:00:47.4]} 37... Rf5+ {[%clk 0:00:26.2]} 38. Rxf5 {[%clk 0:00:46.5]} 38... gxf5 {[%clk 0:00:26.9]} 39. c5 {[%clk 0:00:46.2]} 39... Kc7 {[%clk 0:00:26.3]} 40. Ke3 {[%clk 0:00:45.7]} 40... Kc6 {[%clk 0:00:26.6]} 41. Kd4 {[%clk 0:00:45.6]} 41... f4 {[%clk 0:00:10.1]} 42. Ke4 {[%clk 0:00:45]} 42... Kxc5 {[%clk 0:00:09.7]} 43. Kxf4 {[%clk 0:00:45.2]} 43... Kd4 {[%clk 0:00:10]} 44. Kg5 {[%clk 0:00:45.1]} 44... Kxe5 {[%clk 0:00:10.2]} 45. Kg4 {[%clk 0:00:42.9]} 45... Ke4 {[%clk 0:00:09.9]} 46. Kg5 {[%clk 0:00:42.9]} 46... e5 {[%clk 0:00:10.3]} 47. Kf6 {[%clk 0:00:43.1]} 47... Kf4 {[%clk 0:00:09.8]} 48. Kg7 {[%clk 0:00:43.2]} 48... Kf5 {[%clk 0:00:08.3]} 49. Kxh7 {[%clk 0:00:43.2]} 49... Kf6 {[%clk 0:00:08.3]} 50. Kg8 {[%clk 0:00:43.4]} 50... e4 {[%clk 0:00:07.6]} 51. h7 {[%clk 0:00:43.4]} 1-0,120+1,120,1,,B00,https://www.chess.com/openings/Owens-Defense...3.Bd3-g6-4.Nf3-Bg7,2025-09-23 01:26:01,311,true,bullet,chess,live,143446603110,2025.09.23,01:26:01,https://www.chess.com/game/live/143446603110,,,1824,win,https://api.chess.com/pub/player/madtqs,madtqs,69d31996-e9cc-11ec-881a-3dd57da0863d,1845,resigned,https://api.chess.com/pub/player/ians141,ians141,b7cb10a6-46b2-11ee-a8b5-e19be8c73f68,ians141,b7cb10a6-46b2-11ee-a8b5-e19be8c73f68,resigned,https://api.chess.com/pub/player/ians141,0.5302,69d31996-e9cc-11ec-881a-3dd57da0863d,win,https://api.chess.com/pub/player/madtqs,0.4698,black,white,81.29,80.78,,,
1. e4 {[%clk 0:02:00.4]} 1... e5 {[%clk 0:01:58.3]} 2. f4 {[%clk 0:02:00.7]} 2... exf4 {[%clk 0:01:57.9]} 3. Nf3 {[%clk 0:02:00.9]} 3... Nc6 {[%clk 0:01:57.1]} 4. Bc4 {[%clk 0:02:00.7]} 4... Nf6 {[%clk 0:01:55.9]} 5. e5 {[%clk 0:01:59.4]} 5... d5 {[%clk 0:01:54.4]} 6. exf6 {[%clk 0:01:56.8]} 6... dxc4 {[%clk 0:01:54]} 7. fxg7 {[%clk 0:01:56.4]} 7... Bxg7 {[%clk 0:01:54.1]} 8. O-O {[%clk 0:01:55.8]} 8... Be6 {[%clk 0:01:51.5]} 9. d3 {[%clk 0:01:55.2]} 9... Qf6 {[%clk 0:01:47.4]} 10. c3 {[%clk 0:01:52.3]} 10... O-O-O {[%clk 0:01:47]} 11. d4 {[%clk 0:01:51.9]} 11... Bd5 {[%clk 0:01:45.1]} 12. Nbd2 {[%clk 0:01:50.9]} 12... h5 {[%clk 0:01:43.5]} 13. h3 {[%clk 0:01:50.2]} 13... Rhg8 {[%clk 0:01:40.6]} 14. Kh1 {[%clk 0:01:48.5]} 14... Bf8 {[%clk 0:01:38.4]} 15. b3 {[%clk 0:01:45.4]} 15... cxb3 {[%clk 0:01:35.5]} 16. axb3 {[%clk 0:01:44.7]} 16... a6 {[%clk 0:01:34.9]} 17. Bb2 {[%clk 0:01:41]} 17... Qg6 {[%clk 0:01:34.6]} 18. Rf2 {[%clk 0:01:36.6]} 18... Ne7 {[%clk 0:01:26]} 19. c4 {[%clk 0:01:34.6]} 19... Bxf3 {[%clk 0:01:20.7]} 20. Nxf3 {[%clk 0:01:34.1]} 20... Nf5 {[%clk 0:01:20.8]} 21. Qd3 {[%clk 0:01:21.6]} 21... Re8 {[%clk 0:01:08.5]} 22. Ne5 {[%clk 0:01:21.2]} 22... Rxe5 {[%clk 0:00:59.1]} 23. dxe5 {[%clk 0:01:20]} 23... Bc5 {[%clk 0:00:59.4]} 24. Re2 {[%clk 0:01:14.6]} 24... f3 {[%clk 0:00:58.8]} 25. Qxf3 {[%clk 0:01:13.7]} 25... Nd4 {[%clk 0:00:32.2]} 26. Bxd4 {[%clk 0:01:11.6]} 26... Bxd4 {[%clk 0:00:33.1]} 27. Rd1 {[%clk 0:01:08.6]} 27... Bb6 {[%clk 0:00:17.4]} 28. b4 {[%clk 0:01:07.5]} 28... c6 {[%clk 0:00:15.9]} 29. Rd6 {[%clk 0:01:04.3]} 29... Qg7 {[%clk 0:00:12]} 30. Qf5+ {[%clk 0:01:03.7]} 30... Kb8 {[%clk 0:00:11.8]} 31. c5 {[%clk 0:01:02.1]} 31... Bc7 {[%clk 0:00:11.8]} 32. Rd7 {[%clk 0:01:00.7]} 32... Rc8 {[%clk 0:00:11.2]} 33. Rxf7 {[%clk 0:00:59.7]} 33... Qg8 {[%clk 0:00:11]} 34. e6 {[%clk 0:00:59.2]} 34... Qg3 {[%clk 0:00:09.6]} 35. Kg1 {[%clk 0:00:55.5]} 35... Qh2+ {[%clk 0:00:09.5]} 36. Kf1 {[%clk 0:00:54.4]} 36... Qh1+ {[%clk 0:00:09.2]} 37. Kf2 {[%clk 0:00:54.3]} 37... Qh2 {[%clk 0:00:07.2]} 38. Rxc7 {[%clk 0:00:52.9]} 38... Rxc7 {[%clk 0:00:07.1]} 39. e7 {[%clk 0:00:52.7]} 39... Rc8 {[%clk 0:00:07.1]} 40. e8=Q {[%clk 0:00:52.3]} 40... Qc7 {[%clk 0:00:06.3]} 41. Qexc8+ {[%clk 0:00:51.3]} 41... Qxc8 {[%clk 0:00:07.1]} 42. Qxc8+ {[%clk 0:00:50]} 42... Kxc8 {[%clk 0:00:07.8]} 43. Re5 {[%clk 0:00:49.4]} 1-0,120+1,120,1,,C34,https://www.chess.com/openings/Kings-Gambit-Accepted-Kings-Knight-Gambit,2025-09-23 01:32:02,287,true,bullet,chess,live,143446716922,2025.09.23,01:32:02,https://www.chess.com/game/live/143446716922,,,1760,win,https://api.chess.com/pub/player/duki70,duki70,864c5904-f92c-11ee-80b0-4b3c67217a63,1835,resigned,https://api.chess.com/pub/player/ians141,ians141,b7cb10a6-46b2-11ee-a8b5-e19be8c73f68,ians141,b7cb10a6-46b2-11ee-a8b5-e19be8c73f68,resigned,https://api.chess.com/pub/player/ians141,0.6063,864c5904-f92c-11ee-80b0-4b3c67217a63,win,https://api.chess.com/pub/player/duki70,0.3937,black,white,63.24,60.62,,,
1. e4 {[%clk 0:01:58.9]} 1... d5 {[%clk 0:02:00.2]} 2. e5 {[%clk 0:01:59.3]} 2... c5 {[%clk 0:01:59.7]} 3. Nf3 {[%clk 0:02:00.2]} 3... Bg4 {[%clk 0:01:54.2]} 4. Bb5+ {[%clk 0:02:00.3]} 4... Nd7 {[%clk 0:01:52.3]} 5. d3 {[%clk 0:01:59.4]} 5... Qa5+ {[%clk 0:01:47.6]} 6. Nc3 {[%clk 0:01:58.5]} 6... d4 {[%clk 0:01:47.3]} 7. Bxd7+ {[%clk 0:01:58.3]} 7... Bxd7 {[%clk 0:01:40.8]} 8. Bd2 {[%clk 0:01:55.2]} 8... dxc3 {[%clk 0:01:35.3]} 9. Bxc3 {[%clk 0:01:55.7]} 9... Qb6 {[%clk 0:01:35.8]} 10. O-O {[%clk 0:01:54.8]} 10... e6 {[%clk 0:01:33.1]} 11. Ng5 {[%clk 0:01:54]} 11... Ne7 {[%clk 0:01:29.5]} 12. Qf3 {[%clk 0:01:52.7]} 12... Nf5 {[%clk 0:01:27]} 13. g4 {[%clk 0:01:52.1]} 13... Be7 {[%clk 0:01:23.6]} 14. Nxf7 {[%clk 0:01:34.6]} 14... Kxf7 {[%clk 0:01:14.1]} 15. gxf5 {[%clk 0:01:34.1]} 15... exf5 {[%clk 0:01:14.2]} 16. Kh1 {[%clk 0:01:24.5]} 16... Qc6 {[%clk 0:01:14.2]} 17. Qxc6 {[%clk 0:01:22.3]} 17... Bxc6+ {[%clk 0:01:15]} 18. Kg1 {[%clk 0:01:22.2]} 18... Rhg8 {[%clk 0:00:55.5]} 19. f4 {[%clk 0:01:21.6]} 19... g5 {[%clk 0:00:55]} 20. fxg5 {[%clk 0:01:17.5]} 20... Rxg5+ {[%clk 0:00:54.5]} 21. Kf2 {[%clk 0:01:17.7]} 21... Ke6 {[%clk 0:00:51.9]} 22. Ke1 {[%clk 0:01:15]} 22... Rag8 {[%clk 0:00:48.7]} 23. h4 {[%clk 0:00:58.5]} 23... Rg2 {[%clk 0:00:48.5]} 24. Rc1 {[%clk 0:00:57.6]} 24... Bxh4+ {[%clk 0:00:47]} 25. Kd1 {[%clk 0:00:55.9]} 25... Rh2 {[%clk 0:00:43.7]} 26. b3 {[%clk 0:00:54.1]} 26... Rgg2 {[%clk 0:00:43.1]} 27. Be1 {[%clk 0:00:48]} 27... Bxe1 {[%clk 0:00:39.1]} 28. Kxe1 {[%clk 0:00:46.2]} 28... Re2+ {[%clk 0:00:37.6]} 29. Kd1 {[%clk 0:00:46.2]} 29... Rd2+ {[%clk 0:00:37.6]} 30. Ke1 {[%clk 0:00:46.4]} 30... Rhe2# {[%clk 0:00:38.5]} 0-1,120+1,120,1,,B01,https://www.chess.com/openings/Scandinavian-Defense-2.e5-c5,2025-09-23 01:38:32,224,true,bullet,chess,live,143446842030,2025.09.23,01:38:32,https://www.chess.com/game/live/143446842030,,,1664,checkmated,https://api.chess.com/pub/player/hhhgh987,hhhgh987,556d8d84-9605-11ed-a4af-cd4259fd0405,1839,win,https://api.chess.com/pub/player/ians141,ians141,b7cb10a6-46b2-11ee-a8b5-e19be8c73f68,ians141,b7cb10a6-46b2-11ee-a8b5-e19be8c73f68,win,https://api.chess.com/pub/player/ians141,0.7325,556d8d84-9605-11ed-a4af-cd4259fd0405,checkmated,https://api.chess.com/pub/player/hhhgh987,0.2675,black,white,,,,,
1. e4 {[%clk 0:02:00.9]} 1... e5 {[%clk 0:02:00.1]} 2. Nf3 {[%clk 0:02:01.2]} 2... Nc6 {[%clk 0:02:00.6]} 3. Bc4 {[%clk 0:02:01.1]} 3... Bc5 {[%clk 0:02:01.1]} 4. c3 {[%clk 0:02:00.9]} 4... d6 {[%clk 0:02:01.1]} 5. b4 {[%clk 0:01:59.5]} 5... Bb6 {[%clk 0:02:00.5]} 6. a4 {[%clk 0:01:54.9]} 6... a5 {[%clk 0:02:00.2]} 7. b5 {[%clk 0:01:49.2]} 7... Nce7 {[%clk 0:02:00]} 8. d4 {[%clk 0:01:47.5]} 8... Bg4 {[%clk 0:01:59.5]} 9. Bxf7+ {[%clk 0:01:40.4]} 9... Kxf7 {[%clk 0:01:59.3]} 10. Ng5+ {[%clk 0:01:40.5]} 10... Kf8 {[%clk 0:01:59.5]} 11. Qxg4 {[%clk 0:01:37.7]} 11... Qc8 {[%clk 0:01:58.1]} 12. Ne6+ {[%clk 0:01:30.9]} 12... Kf7 {[%clk 0:01:56.4]} 13. Qxg7+ {[%clk 0:01:23.1]} 13... Kxe6 {[%clk 0:01:55.6]} 14. Qxh8 {[%clk 0:01:24]} 14... exd4 {[%clk 0:01:55.7]} 15. Qxh7 {[%clk 0:01:13.7]} 15... Nf6 {[%clk 0:01:54.1]} 16. Qh3+ {[%clk 0:01:11.8]} 16... Kf7 {[%clk 0:01:52.9]} 17. cxd4 {[%clk 0:01:06.5]} 17... Bxd4 {[%clk 0:01:52]} 18. O-O {[%clk 0:01:06.3]} 18... Bxa1 {[%clk 0:01:51]} 19. Qd3 {[%clk 0:00:12.6]} 19... Qe6 {[%clk 0:01:44.8]} 20. Nd2 {[%clk 0:00:09.8]} 20... Ng6 {[%clk 0:01:43.6]} 21. Nf3 {[%clk 0:00:07.6]} 21... Ne5 {[%clk 0:01:41.6]} 22. Ng5+ {[%clk 0:00:07.1]} 22... Ke7 {[%clk 0:01:40.7]} 23. Nxe6 {[%clk 0:00:06.4]} 23... Nxd3 {[%clk 0:01:40.6]} 24. Bg5 {[%clk 0:00:06.5]} 24... Bd4 {[%clk 0:01:37.4]} 25. Bxf6+ {[%clk 0:00:05.2]} 25... Kxf6 {[%clk 0:01:37.1]} 26. Nxd4 {[%clk 0:00:05.1]} 26... Ke5 {[%clk 0:01:35.4]} 27. Nf3+ {[%clk 0:00:04.6]} 27... Kxe4 {[%clk 0:01:34.1]} 28. Rd1 {[%clk 0:00:05.2]} 28... Rf8 {[%clk 0:01:30.8]} 29. h4 {[%clk 0:00:04.7]} 29... d5 {[%clk 0:01:28]} 30. h5 {[%clk 0:00:04.6]} 30... Rf5 {[%clk 0:01:23]} 31. h6 {[%clk 0:00:04.2]} 31... Rh5 {[%clk 0:01:22.3]} 32. h7 {[%clk 0:00:03.4]} 32... c6 {[%clk 0:01:16.8]} 33. g4 {[%clk 0:00:03.4]} 33... Rh6 {[%clk 0:01:12.4]} 34. g5 {[%clk 0:00:03.4]} 34... Rh5 {[%clk 0:01:11.7]} 35. g6 {[%clk 0:00:03.5]} 35... Nc5 {[%clk 0:01:03.1]} 36. g7 {[%clk 0:00:03.2]} 36... Kxf3 {[%clk 0:01:02.3]} 37. h8=Q {[%clk 0:00:02.3]} 37... Rg5+ {[%clk 0:01:00.7]} 38. Kf1 {[%clk 0:00:02.1]} 38... Ne4 {[%clk 0:00:58.8]} 39. Qh1+ {[%clk 0:00:01.8]} 39... Kf4 {[%clk 0:00:58.5]} 40. Qh2+ {[%clk 0:00:01.4]} 40... Kf5 {[%clk 0:00:56.2]} 0-1,120+1,120,1,,C53,https://www.chess.com/openings/Giuoco-Piano-Game-Main-Line-4...d6,2025-09-23 01:44:02,276,true,bullet,chess,live,143446949324,2025.09.23,01:44:02,https://www.chess.com/game/live/143446949324,,,1827,timeout,https://api.chess.com/pub/player/ians141,ians141,b7cb10a6-46b2-11ee-a8b5-e19be8c73f68,1685,win,https://api.chess.com/pub/player/berehidi7,berehidi7,672c0b82-5044-11e9-9ed4-8ba1ea6112f3,ians141,b7cb10a6-46b2-11ee-a8b5-e19be8c73f68,timeout,https://api.chess.com/pub/player/ians141,0.6937,672c0b82-5044-11e9-9ed4-8ba1ea6112f3,win,https://api.chess.com/pub/player/berehidi7,0.3063,white,black,,,,,
1. e4 {[%clk 0:02:00]} 1... d5 {[%clk 0:02:00.1]} 2. e5 {[%clk 0:01:59.5]} 2... c5 {[%clk 0:01:59.8]} 3. f4 {[%clk 0:02:00.4]} 3... Bf5 {[%clk 0:01:59]} 4. Nf3 {[%clk 0:02:01.3]} 4... e6 {[%clk 0:01:52.2]} 5. Bb5+ {[%clk 0:02:01.2]} 5... Nc6 {[%clk 0:01:50.8]} 6. c3 {[%clk 0:02:00.8]} 6... Qb6 {[%clk 0:01:49]} 7. a4 {[%clk 0:02:00.2]} 7... a6 {[%clk 0:01:45.2]} 8. Bxc6+ {[%clk 0:02:00]} 8... Qxc6 {[%clk 0:01:45.3]} 9. d4 {[%clk 0:01:59.9]} 9... c4 {[%clk 0:01:43]} 10. h3 {[%clk 0:01:59]} 10... Nh6 {[%clk 0:01:41.7]} 11. g4 {[%clk 0:01:57.9]} 11... Be4 {[%clk 0:01:38.8]} 12. O-O {[%clk 0:01:57.5]} 12... f5 {[%clk 0:01:35]} 13. g5 {[%clk 0:01:56.1]} 13... Nf7 {[%clk 0:01:31.8]} 14. h4 {[%clk 0:01:56.6]} 14... g6 {[%clk 0:01:30.1]} 15. Nbd2 {[%clk 0:01:56.3]} 15... O-O-O {[%clk 0:01:26.4]} 16. Nh2 {[%clk 0:01:54.5]} 16... h6 {[%clk 0:01:22.7]} 17. h5 {[%clk 0:01:52]} 17... hxg5 {[%clk 0:01:17.5]} 18. hxg6 {[%clk 0:01:51.3]} 18... Nh6 {[%clk 0:01:17.6]} 19. fxg5 {[%clk 0:01:51.5]} 19... Ng4 {[%clk 0:01:10.9]} 20. Nxg4 {[%clk 0:01:49.8]} 20... fxg4 {[%clk 0:01:10.3]} 21. Rf4 {[%clk 0:01:49.1]} 21... Rh1+ {[%clk 0:01:06.6]} 22. Kf2 {[%clk 0:01:46.3]} 22... Rxd1 {[%clk 0:01:07.5]} 23. Nxe4 {[%clk 0:01:42.3]} 23... dxe4 {[%clk 0:01:07.1]} 24. Be3 {[%clk 0:01:42.2]} 24... Rxa1 {[%clk 0:01:06.5]} 25. Rf6 {[%clk 0:01:40.7]} 25... Bg7 {[%clk 0:01:06.4]} 26. Rf7 {[%clk 0:01:39.6]} 26... Rd7 {[%clk 0:01:04.6]} 27. Kg3 {[%clk 0:01:35.4]} 27... Rb1 {[%clk 0:00:53.1]} 28. Kxg4 {[%clk 0:01:33.7]} 28... Rxf7 {[%clk 0:00:53.1]} 29. gxf7 {[%clk 0:01:32.8]} 29... Bf8 {[%clk 0:00:51.7]} 30. g6 {[%clk 0:01:32.1]} 30... Qd7 {[%clk 0:00:36.8]} 31. Kg5 {[%clk 0:01:31.2]} 31... Qe7+ {[%clk 0:00:37]} 32. Kg4 {[%clk 0:01:30.3]} 32... Rd1 {[%clk 0:00:36.2]} 33. Bg5 {[%clk 0:01:29.5]} 33... Qd7 {[%clk 0:00:33.8]} 34. Bf6 {[%clk 0:01:28.5]} 34... Rg1+ {[%clk 0:00:32.6]} 35. Kh5 {[%clk 0:01:27.5]} 35... Rxg6 {[%clk 0:00:27.4]} 36. Kxg6 {[%clk 0:01:26.7]} 36... Be7 {[%clk 0:00:27.1]} 37. Kg7 {[%clk 0:01:22.4]} 37... Bxf6+ {[%clk 0:00:26.5]} 38. exf6 {[%clk 0:01:22.1]} 38... Qd8 {[%clk 0:00:24.5]} 39. f8=Q {[%clk 0:01:21.2]} 39... Qxf8+ {[%clk 0:00:24.8]} 40. Kxf8 {[%clk 0:01:21.8]} 40... e3 {[%clk 0:00:25.7]} 41. Ke7 {[%clk 0:01:20.9]} 41... e2 {[%clk 0:00:26.6]} 42. f7 {[%clk 0:01:21.8]} 42... e1=Q {[%clk 0:00:26.2]} 43. f8=Q+ {[%clk 0:01:22.1]} 43... Kc7 {[%clk 0:00:27]} 44. Qd8+ {[%clk 0:01:20.4]} 44... Kc6 {[%clk 0:00:26.8]} 45. Qd6# {[%clk 0:01:16.4]} 1-0,120+1,120,1,,B01,https://www.chess.com/openings/Scandinavian-Defense-2.e5-c5,2025-09-23 01:49:13,239,true,bullet,chess,live,143447050508,2025.09.23,01:49:13,https://www.chess.com/game/live/143447050508,,,1696,win,https://api.chess.com/pub/player/berehidi7,berehidi7,672c0b82-5044-11e9-9ed4-8ba1ea6112f3,1816,checkmated,https://api.chess.com/pub/player/ians141,ians141,b7cb10a6-46b2-11ee-a8b5-e19be8c73f68,ians141,b7cb10a6-46b2-11ee-a8b5-e19be8c73f68,checkmated,https://api.chess.com/pub/player/ians141,0.6661,672c0b82-5044-11e9-9ed4-8ba1ea6112f3,win,https://api.chess.com/pub/player/berehidi7,0.3339,black,white,,,,,
1. e4 {[%clk 0:02:00]} 1... d6 {[%clk 0:02:00.4]} 2. d4 {[%clk 0:02:00]} 2... c6 {[%clk 0:02:00.9]} 3. Nf3 {[%clk 0:01:59.4]} 3... Nf6 {[%clk 0:02:01.4]} 4. Nbd2 {[%clk 0:01:57.6]} 4... Qa5 {[%clk 0:02:01.8]} 5. c3 {[%clk 0:01:56.8]} 5... Qc7 {[%clk 0:02:01.9]} 6. Bd3 {[%clk 0:01:54.3]} 6... e5 {[%clk 0:02:02]} 7. O-O {[%clk 0:01:45.8]} 7... Be7 {[%clk 0:02:01.8]} 8. Re1 {[%clk 0:01:41.2]} 8... O-O {[%clk 0:02:02]} 9. h3 {[%clk 0:01:38.6]} 9... Nbd7 {[%clk 0:02:01]} 10. Nf1 {[%clk 0:01:36.8]} 10... a5 {[%clk 0:02:01.3]} 11. a4 {[%clk 0:01:33.9]} 11... h6 {[%clk 0:01:59.8]} 12. c4 {[%clk 0:01:33.2]} 12... Nh7 {[%clk 0:01:59.8]} 13. Ng3 {[%clk 0:01:29.1]} 13... Ndf6 {[%clk 0:01:51.4]} 14. c5 {[%clk 0:01:21.1]} 14... Bd7 {[%clk 0:01:49.9]} 15. cxd6 {[%clk 0:01:11.2]} 15... Bxd6 {[%clk 0:01:48.9]} 16. dxe5 {[%clk 0:01:11.5]} 16... Bxe5 {[%clk 0:01:46.5]} 17. Nxe5 {[%clk 0:01:12.4]} 17... Qxe5 {[%clk 0:01:45.4]} 18. f4 {[%clk 0:01:13.1]} 18... Qc7 {[%clk 0:01:40.9]} 19. e5 {[%clk 0:01:12.3]} 19... Nd5 {[%clk 0:01:40.4]} 20. Qc2 {[%clk 0:01:12.4]} 20... g6 {[%clk 0:01:29.6]} 21. Bxg6 {[%clk 0:01:00.5]} 21... fxg6 {[%clk 0:01:19.2]} 22. Qxg6+ {[%clk 0:01:01.4]} 22... Kh8 {[%clk 0:01:18.8]} 23. Qxh6 {[%clk 0:01:02.1]} 23... Bf5 {[%clk 0:01:07.7]} 24. e6 {[%clk 0:00:52.3]} 24... Rg8 {[%clk 0:00:53.2]} 25. Nxf5 {[%clk 0:00:43]} 25... Raf8 {[%clk 0:00:49.2]} 26. e7 {[%clk 0:00:37.6]} 26... Nxe7 {[%clk 0:00:45]} 27. Nxe7 {[%clk 0:00:36.8]} 27... Rf6 {[%clk 0:00:23.9]} 28. Ng6+ {[%clk 0:00:33]} 28... Rfxg6 {[%clk 0:00:21.8]} 29. Qxg6 {[%clk 0:00:13.8]} 29... Rxg6 {[%clk 0:00:21.1]} 30. f5 {[%clk 0:00:14.7]} 30... Rg8 {[%clk 0:00:18.6]} 31. b3 {[%clk 0:00:10.7]} 31... Qg3 {[%clk 0:00:17.8]} 32. Bb2+ {[%clk 0:00:08.3]} 32... Nf6 {[%clk 0:00:12.9]} 33. Bxf6+ {[%clk 0:00:07.6]} 33... Kh7 {[%clk 0:00:12.8]} 34. Re7+ {[%clk 0:00:06.4]} 34... Kh6 {[%clk 0:00:12.8]} 35. Ra2 {[%clk 0:00:03.7]} 35... Rd8 {[%clk 0:00:07.2]} 36. Bg7+ {[%clk 0:00:02.3]} 36... Kh5 {[%clk 0:00:06.5]} 37. Bf6 {[%clk 0:00:01.5]} 37... Rd1+ {[%clk 0:00:04.3]} 0-1,120+1,120,1,,B07,https://www.chess.com/openings/Pirc-Defense-2.d4-c6-3.Nf3,2025-09-23 02:04:02,327,true,bullet,chess,live,143447334528,2025.09.23,02:04:02,https://www.chess.com/game/live/143447334528,,,1806,timeout,https://api.chess.com/pub/player/ians141,ians141,b7cb10a6-46b2-11ee-a8b5-e19be8c73f68,1715,win,https://api.chess.com/pub/player/peterpenullar,peterpenullar,45884ec6-c1dc-11eb-a9c8-efaf6f097dec,ians141,b7cb10a6-46b2-11ee-a8b5-e19be8c73f68,timeout,https://api.chess.com/pub/player/ians141,0.6280,45884ec6-c1dc-11eb-a9c8-efaf6f097dec,win,https://api.chess.com/pub/player/peterpenullar,0.3720,white,black,,,,,
1. e4 {[%clk 0:02:00.9]} 1... d5 {[%clk 0:01:59.2]} 2. exd5 {[%clk 0:02:00.9]} 2... Nf6 {[%clk 0:01:59.6]} 3. d4 {[%clk 0:01:59.9]} 3... Qxd5 {[%clk 0:01:59.3]} 4. Nf3 {[%clk 0:01:58.2]} 4... Bg4 {[%clk 0:01:59.5]} 5. Be2 {[%clk 0:01:54.4]} 5... e6 {[%clk 0:01:59.4]} 6. O-O {[%clk 0:01:52.3]} 6... c6 {[%clk 0:01:59.7]} 7. c4 {[%clk 0:01:50]} 7... Qa5 {[%clk 0:01:59.5]} 8. Bf4 {[%clk 0:01:46.3]} 8... Nbd7 {[%clk 0:01:58.5]} 9. Nc3 {[%clk 0:01:43.9]} 9... Bb4 {[%clk 0:01:57]} 10. Rc1 {[%clk 0:01:41]} 10... Bxc3 {[%clk 0:01:55.4]} 11. Rxc3 {[%clk 0:01:39.1]} 11... Qxa2 {[%clk 0:01:55.4]} 12. h3 {[%clk 0:01:37.8]} 12... Bf5 {[%clk 0:01:54.1]} 13. g4 {[%clk 0:01:25.3]} 13... Bg6 {[%clk 0:01:53.4]} 14. Qc1 {[%clk 0:01:23.1]} 14... Ne4 {[%clk 0:01:52]} 15. Ra3 {[%clk 0:01:18.6]} 15... Qxa3 {[%clk 0:01:46.4]} 16. bxa3 {[%clk 0:01:19.5]} 16... O-O {[%clk 0:01:44.6]} 17. Ne5 {[%clk 0:01:18.1]} 17... Nb6 {[%clk 0:01:44.5]} 18. Nxg6 {[%clk 0:01:16.9]} 18... fxg6 {[%clk 0:01:43.4]} 19. Be3 {[%clk 0:01:16]} 19... Rad8 {[%clk 0:01:40.3]} 20. c5 {[%clk 0:01:13.8]} 20... Nd5 {[%clk 0:01:39.8]} 21. Bd3 {[%clk 0:01:12.2]} 21... Nec3 {[%clk 0:01:38.3]} 22. Qc2 {[%clk 0:01:08.8]} 22... Rf3 {[%clk 0:01:34.5]} 23. Be2 {[%clk 0:01:01.6]} 23... Nxe3 {[%clk 0:01:32.8]} 24. fxe3 {[%clk 0:01:01.3]} 24... Rxe3 {[%clk 0:01:33.1]} 25. Rf3 {[%clk 0:00:58.1]} 25... Rxe2 {[%clk 0:01:32.7]} 26. Qxc3 {[%clk 0:00:58.3]} 26... Re4 {[%clk 0:01:25.3]} 27. Re3 {[%clk 0:00:53]} 27... Rexd4 {[%clk 0:01:19.5]} 28. Rxe6 {[%clk 0:00:52.8]} 28... Rd1+ {[%clk 0:01:19.9]} 29. Kf2 {[%clk 0:00:50.6]} 29... R8d2+ {[%clk 0:01:19.9]} 30. Re2 {[%clk 0:00:50.4]} 30... Rd3 {[%clk 0:01:19.2]} 31. Qc4+ {[%clk 0:00:49.8]} 31... Kf8 {[%clk 0:01:18.7]} 32. Qf4+ {[%clk 0:00:43.7]} 32... Kg8 {[%clk 0:01:15.7]} 33. Re8# {[%clk 0:00:44.6]} 1-0,120+1,120,1,,B01,https://www.chess.com/openings/Scandinavian-Defense-Mieses-Kotrc-Variation...4.d4-Bg4-5.Be2-e6-6.O-O,2025-09-23 02:09:56,198,true,bullet,chess,live,143447447408,2025.09.23,02:09:56,https://www.chess.com/game/live/143447447408,,,1814,win,https://api.chess.com/pub/player/ians141,ians141,b7cb10a6-46b2-11ee-a8b5-e19be8c73f68,1787,checkmated,https://api.chess.com/pub/player/theheat_2025,theheat_2025,9e5a6298-0afb-11f0-8876-4b8dc4d2ccc5,ians141,b7cb10a6-46b2-11ee-a8b5-e19be8c73f68,win,https://api.chess.com/pub/player/ians141,0.5388,9e5a6298-0afb-11f0-8876-4b8dc4d2ccc5,checkmated,https://api.chess.com/pub/player/theheat_2025,0.4612,white,black,,,,,
1. e4 {[%clk 0:01:59]} 1... d5 {[%clk 0:02:00.4]} 2. Nc3 {[%clk 0:01:58]} 2... d4 {[%clk 0:02:00.4]} 3. Nce2 {[%clk 0:01:58]} 3... e5 {[%clk 0:02:00.2]} 4. d3 {[%clk 0:01:57.9]} 4... Nf6 {[%clk 0:01:59.2]} 5. g3 {[%clk 0:01:57.9]} 5... c5 {[%clk 0:01:51]} 6. Bg2 {[%clk 0:01:57.8]} 6... a5 {[%clk 0:01:49.2]} 7. h3 {[%clk 0:01:57.4]} 7... Bd6 {[%clk 0:01:47.1]} 8. f4 {[%clk 0:01:56.9]} 8... O-O {[%clk 0:01:44.9]} 9. Nf3 {[%clk 0:01:56.7]} 9... Nc6 {[%clk 0:01:42.2]} 10. f5 {[%clk 0:01:55.5]} 10... c4 {[%clk 0:01:40.5]} 11. O-O {[%clk 0:01:54.2]} 11... cxd3 {[%clk 0:01:37.1]} 12. cxd3 {[%clk 0:01:49.2]} 12... Nb4 {[%clk 0:01:36.6]} 13. a3 {[%clk 0:01:46.6]} 13... Nxd3 {[%clk 0:01:30.1]} 14. Qxd3 {[%clk 0:01:42.4]} 14... b5 {[%clk 0:01:31]} 15. g4 {[%clk 0:01:36.3]} 15... b4 {[%clk 0:01:27]} 16. axb4 {[%clk 0:01:30.2]} 16... Bxb4 {[%clk 0:01:27.9]} 17. Rd1 {[%clk 0:01:24]} 17... Ba6 {[%clk 0:01:25]} 18. Qb3 {[%clk 0:01:00.6]} 18... Bxe2 {[%clk 0:01:15.8]} 19. g5 {[%clk 0:00:59.8]} 19... Nxe4 {[%clk 0:01:11.4]} 20. Nxe5 {[%clk 0:00:51.9]} 20... Nc5 {[%clk 0:01:08.9]} 21. Qg3 {[%clk 0:00:42.7]} 21... Bxd1 {[%clk 0:00:55.3]} 22. g6 {[%clk 0:00:42]} 22... fxg6 {[%clk 0:00:46.9]} 23. fxg6 {[%clk 0:00:39.3]} 23... hxg6 {[%clk 0:00:40.7]} 24. Qxg6 {[%clk 0:00:35.8]} 24... Rf6 {[%clk 0:00:34.4]} 25. Qh5 {[%clk 0:00:26.6]} 25... Bxh5 {[%clk 0:00:30.7]} 0-1,120+1,120,1,,B01,https://www.chess.com/openings/Scandinavian-Defense-Closed-2...d4-3.Nce2-e5,2025-09-23 02:13:16,240,true,bullet,chess,live,143447513042,2025.09.23,02:13:16,https://www.chess.com/game/live/143447513042,,,1801,resigned,https://api.chess.com/pub/player/rvf2012,rvf2012,6003e90a-61dc-11e6-8044-000000000000,1822,win,https://api.chess.com/pub/player/ians141,ians141,b7cb10a6-46b2-11ee-a8b5-e19be8c73f68,ians141,b7cb10a6-46b2-11ee-a8b5-e19be8c73f68,win,https://api.chess.com/pub/player/ians141,0.5302,6003e90a-61dc-11e6-8044-000000000000,resigned,https://api.chess.com/pub/player/rvf2012,0.4698,black,white,,,,,
